timestamp,no2_ug_m3,o3_ug_m3,hcho_ug_m3
2023-10-06 03:00:00+00:00,45.308,52.92,
2023-10-06 04:00:00+00:00,64.10799999999999,29.4,
2023-10-06 05:00:00+00:00,75.952,19.6,
2023-10-06 06:00:00+00:00,80.464,5.88,
2023-10-06 07:00:00+00:00,67.868,11.76,
2023-10-06 08:00:00+00:00,77.456,1.96,
2023-10-06 09:00:00+00:00,68.05600000000001,1.96,
2023-10-06 10:00:00+00:00,58.28,9.8,
2023-10-06 11:00:00+00:00,62.980000000000004,3.92,
2023-10-06 12:00:00+00:00,65.988,0.0,
2023-10-06 13:00:00+00:00,64.672,0.0,
2023-10-06 14:00:00+00:00,65.048,3.92,
2023-10-06 19:00:00+00:00,47.564,90.16,
2023-10-06 20:00:00+00:00,51.324000000000005,129.36,
2023-10-06 21:00:00+00:00,34.404,121.52,
2023-10-06 22:00:00+00:00,19.928,125.44,
2023-10-06 23:00:00+00:00,13.724,131.32000000000002,
2023-10-07 00:00:00+00:00,15.040000000000001,121.52,
2023-10-07 01:00:00+00:00,17.108,103.88,
2023-10-07 02:00:00+00:00,51.7,56.84,
2023-10-07 03:00:00+00:00,56.024,47.04,
2023-10-07 04:00:00+00:00,79.712,25.48,
2023-10-07 05:00:00+00:00,97.384,7.84,
2023-10-07 06:00:00+00:00,89.86399999999999,3.92,
2023-10-07 07:00:00+00:00,83.096,0.0,
2023-10-07 08:00:00+00:00,73.32,5.88,
2023-10-07 09:00:00+00:00,75.2,0.0,
2023-10-07 10:00:00+00:00,68.99600000000001,0.0,
2023-10-07 11:00:00+00:00,65.048,0.0,
2023-10-07 12:00:00+00:00,61.476,0.0,
2023-10-07 13:00:00+00:00,57.528000000000006,0.0,
2023-10-07 14:00:00+00:00,55.272,3.92,
2023-10-07 15:00:00+00:00,62.980000000000004,9.8,
2023-10-07 16:00:00+00:00,57.339999999999996,29.4,
2023-10-07 17:00:00+00:00,70.312,45.08,
2023-10-07 18:00:00+00:00,55.083999999999996,76.44,
2023-10-07 19:00:00+00:00,40.232,113.68,
2023-10-07 20:00:00+00:00,51.51199999999999,131.32000000000002,
2023-10-07 21:00:00+00:00,45.12,152.88,
2023-10-07 22:00:00+00:00,32.148,154.84,
2023-10-07 23:00:00+00:00,22.372,168.55999999999997,
2023-10-08 00:00:00+00:00,25.755999999999997,174.44,
2023-10-08 01:00:00+00:00,18.048,160.72,
2023-10-08 02:00:00+00:00,22.372,131.32000000000002,
2023-10-08 03:00:00+00:00,44.18,109.76,
2023-10-08 04:00:00+00:00,56.211999999999996,58.8,
2023-10-08 05:00:00+00:00,60.536,31.36,
2023-10-08 06:00:00+00:00,73.50800000000001,13.72,
2023-10-08 07:00:00+00:00,62.980000000000004,13.72,
2023-10-08 08:00:00+00:00,64.296,13.72,
2023-10-08 09:00:00+00:00,74.44800000000001,3.92,
2023-10-08 10:00:00+00:00,56.588,23.52,
2023-10-08 11:00:00+00:00,47.0,33.32,
2023-10-08 12:00:00+00:00,66.928,11.76,
2023-10-08 13:00:00+00:00,60.348000000000006,13.72,
2023-10-08 14:00:00+00:00,62.040000000000006,9.8,
2023-10-08 15:00:00+00:00,59.22,15.68,
2023-10-08 16:00:00+00:00,50.384,37.24,
2023-10-08 17:00:00+00:00,40.232,62.72,
2023-10-08 18:00:00+00:00,25.004,99.96,
2023-10-08 19:00:00+00:00,16.544,148.96,
2023-10-08 20:00:00+00:00,13.724,154.84,
2023-10-08 21:00:00+00:00,10.34,139.16,
2023-10-08 22:00:00+00:00,9.776,127.4,
2023-10-08 23:00:00+00:00,8.272,113.68,
2023-10-09 00:00:00+00:00,10.904,103.88,
2023-10-09 01:00:00+00:00,13.724,82.32000000000001,
2023-10-09 02:00:00+00:00,15.98,58.8,
2023-10-09 03:00:00+00:00,22.936,49.0,
2023-10-09 04:00:00+00:00,24.627999999999997,43.12,
2023-10-09 05:00:00+00:00,46.248,21.56,
2023-10-09 06:00:00+00:00,46.812,19.6,
2023-10-09 07:00:00+00:00,49.444,15.68,
2023-10-09 08:00:00+00:00,41.36,5.88,
2023-10-09 09:00:00+00:00,43.992,3.92,
2023-10-09 10:00:00+00:00,50.196,0.0,
2023-10-09 11:00:00+00:00,50.76,1.96,
2023-10-09 12:00:00+00:00,49.068000000000005,0.0,
2023-10-09 13:00:00+00:00,42.864000000000004,3.92,
2023-10-09 14:00:00+00:00,46.623999999999995,3.92,
2023-10-09 15:00:00+00:00,45.308,7.84,
2023-10-09 16:00:00+00:00,43.428000000000004,17.639999999999997,
2023-10-09 17:00:00+00:00,52.264,29.4,
2023-10-09 18:00:00+00:00,50.76,54.88,
2023-10-09 19:00:00+00:00,35.908,94.08,
2023-10-09 20:00:00+00:00,25.944000000000003,96.04,
2023-10-09 21:00:00+00:00,20.116,103.88,
2023-10-09 22:00:00+00:00,17.296,99.96,
2023-10-09 23:00:00+00:00,12.596,94.08,
2023-10-10 00:00:00+00:00,12.408,80.36,
2023-10-10 01:00:00+00:00,14.476,58.8,
2023-10-10 02:00:00+00:00,13.16,60.76,
2023-10-10 03:00:00+00:00,17.484,54.88,
2023-10-10 04:00:00+00:00,17.86,49.0,
2023-10-10 05:00:00+00:00,24.439999999999998,41.160000000000004,
2023-10-10 06:00:00+00:00,36.848000000000006,21.56,
2023-10-10 07:00:00+00:00,43.804,13.72,
2023-10-10 08:00:00+00:00,47.188,1.96,
2023-10-10 09:00:00+00:00,43.052,1.96,
2023-10-10 10:00:00+00:00,37.976,1.96,
2023-10-10 11:00:00+00:00,33.464,1.96,
2023-10-10 12:00:00+00:00,34.78,7.84,
2023-10-10 13:00:00+00:00,33.088,19.6,
2023-10-10 14:00:00+00:00,35.156,17.639999999999997,
2023-10-10 15:00:00+00:00,27.448,31.36,
2023-10-10 16:00:00+00:00,21.808,45.08,
2023-10-10 18:00:00+00:00,30.644000000000005,54.88,
2023-10-10 19:00:00+00:00,18.988,80.36,
2023-10-10 20:00:00+00:00,21.056,84.27999999999999,
2023-10-10 21:00:00+00:00,14.288,99.96,
2023-10-10 22:00:00+00:00,13.724,92.12,
2023-10-10 23:00:00+00:00,9.964,76.44,
2023-10-11 00:00:00+00:00,10.528,64.68,
2023-10-11 01:00:00+00:00,13.724,56.84,
2023-10-11 02:00:00+00:00,15.228,52.92,
2023-10-11 03:00:00+00:00,16.732,52.92,
2023-10-11 04:00:00+00:00,16.544,47.04,
2023-10-11 05:00:00+00:00,15.604000000000001,45.08,
2023-10-11 06:00:00+00:00,13.724,49.0,
2023-10-11 07:00:00+00:00,19.176,41.160000000000004,
2023-10-11 08:00:00+00:00,18.8,41.160000000000004,
2023-10-11 09:00:00+00:00,18.048,43.12,
2023-10-11 10:00:00+00:00,29.14,25.48,
2023-10-11 11:00:00+00:00,22.936,35.279999999999994,
2023-10-11 12:00:00+00:00,14.852000000000002,45.08,
2023-10-11 13:00:00+00:00,19.176,37.24,
2023-10-11 14:00:00+00:00,33.839999999999996,23.52,
2023-10-11 15:00:00+00:00,38.352,25.48,
2023-10-11 16:00:00+00:00,40.044,33.32,
2023-10-11 17:00:00+00:00,29.516,43.12,
2023-10-11 18:00:00+00:00,18.988,56.84,
2023-10-11 19:00:00+00:00,11.28,84.27999999999999,
2023-10-11 20:00:00+00:00,8.836,90.16,
2023-10-11 21:00:00+00:00,9.024,92.12,
2023-10-11 22:00:00+00:00,6.3919999999999995,94.08,
2023-10-11 23:00:00+00:00,6.204,92.12,
2023-10-12 00:00:00+00:00,7.5200000000000005,82.32000000000001,
2023-10-12 01:00:00+00:00,11.844,72.52,
2023-10-12 02:00:00+00:00,23.688,50.96,
2023-10-12 03:00:00+00:00,39.104,31.36,
2023-10-12 04:00:00+00:00,35.72,29.4,
2023-10-12 05:00:00+00:00,41.172,19.6,
2023-10-12 06:00:00+00:00,39.291999999999994,19.6,
2023-10-12 07:00:00+00:00,41.924,11.76,
2023-10-12 08:00:00+00:00,36.471999999999994,13.72,
2023-10-12 09:00:00+00:00,50.94800000000001,3.92,
2023-10-12 10:00:00+00:00,44.556,7.84,
2023-10-12 11:00:00+00:00,36.096,15.68,
2023-10-12 12:00:00+00:00,44.744,5.88,
2023-10-12 13:00:00+00:00,50.572,0.0,
2023-10-12 14:00:00+00:00,51.7,1.96,
2023-10-12 15:00:00+00:00,44.368,19.6,
2023-10-12 16:00:00+00:00,21.244000000000003,54.88,
2023-10-12 17:00:00+00:00,26.884,58.8,
2023-10-12 18:00:00+00:00,30.456,70.55999999999999,
2023-10-12 22:00:00+00:00,17.296,105.84,
2023-10-12 23:00:00+00:00,12.783999999999999,111.72,
2023-10-13 00:00:00+00:00,12.032,105.84,
2023-10-13 01:00:00+00:00,15.792000000000002,96.04,
2023-10-13 02:00:00+00:00,19.552,80.36,
2023-10-13 03:00:00+00:00,28.2,68.60000000000001,
2023-10-13 04:00:00+00:00,31.96,64.68,
2023-10-13 05:00:00+00:00,47.751999999999995,37.24,
2023-10-13 06:00:00+00:00,30.080000000000002,56.84,
2023-10-13 07:00:00+00:00,35.72,43.12,
2023-10-13 08:00:00+00:00,65.236,5.88,
2023-10-13 09:00:00+00:00,54.332,7.84,
2023-10-13 10:00:00+00:00,59.784000000000006,0.0,
2023-10-13 11:00:00+00:00,56.964,1.96,
2023-10-13 12:00:00+00:00,56.588,1.96,
2023-10-13 13:00:00+00:00,59.784000000000006,1.96,
2023-10-13 14:00:00+00:00,59.40800000000001,3.92,
2023-10-13 15:00:00+00:00,57.715999999999994,13.72,
2023-10-13 16:00:00+00:00,48.504,37.24,
2023-10-13 17:00:00+00:00,82.344,29.4,
2023-10-13 18:00:00+00:00,77.08,47.04,
2023-10-13 19:00:00+00:00,51.324000000000005,80.36,
2023-10-13 20:00:00+00:00,37.224000000000004,101.92,
2023-10-13 21:00:00+00:00,35.156,105.84,
2023-10-13 22:00:00+00:00,30.644000000000005,98.0,
2023-10-13 23:00:00+00:00,16.919999999999998,99.96,
2023-10-14 00:00:00+00:00,14.288,99.96,
2023-10-14 01:00:00+00:00,12.032,86.24,
2023-10-14 02:00:00+00:00,11.092,80.36,
2023-10-14 03:00:00+00:00,16.168,68.60000000000001,
2023-10-14 04:00:00+00:00,26.508,50.96,
2023-10-14 05:00:00+00:00,47.376,19.6,
2023-10-14 06:00:00+00:00,62.040000000000006,3.92,
2023-10-14 07:00:00+00:00,58.468,0.0,
2023-10-14 08:00:00+00:00,57.152,0.0,
2023-10-14 09:00:00+00:00,51.135999999999996,0.0,
2023-10-14 10:00:00+00:00,48.504,0.0,
2023-10-14 11:00:00+00:00,43.804,0.0,
2023-10-14 12:00:00+00:00,42.48800000000001,0.0,
2023-10-14 13:00:00+00:00,45.12,0.0,
2023-10-14 14:00:00+00:00,46.436,1.96,
2023-10-14 15:00:00+00:00,47.0,13.72,
2023-10-14 16:00:00+00:00,52.076,19.6,
2023-10-14 17:00:00+00:00,44.931999999999995,41.160000000000004,
2023-10-14 18:00:00+00:00,33.464,78.4,
2023-10-14 19:00:00+00:00,37.035999999999994,101.92,
2023-10-14 20:00:00+00:00,25.567999999999998,133.28,
2023-10-14 21:00:00+00:00,15.228,133.28,
2023-10-14 22:00:00+00:00,11.092,125.44,
2023-10-14 23:00:00+00:00,11.844,123.48,
2023-10-15 00:00:00+00:00,14.288,101.92,
2023-10-15 01:00:00+00:00,18.235999999999997,84.27999999999999,
2023-10-15 02:00:00+00:00,36.096,52.92,
2023-10-15 03:00:00+00:00,57.715999999999994,21.56,
2023-10-15 04:00:00+00:00,66.928,11.76,
2023-10-15 05:00:00+00:00,75.012,1.96,
2023-10-15 06:00:00+00:00,76.328,1.96,
2023-10-15 07:00:00+00:00,61.28800000000001,1.96,
2023-10-15 08:00:00+00:00,59.971999999999994,0.0,
2023-10-15 09:00:00+00:00,59.971999999999994,0.0,
2023-10-15 10:00:00+00:00,62.416000000000004,7.84,
2023-10-15 11:00:00+00:00,55.459999999999994,13.72,
2023-10-15 12:00:00+00:00,61.28800000000001,3.92,
2023-10-15 13:00:00+00:00,60.160000000000004,3.92,
2023-10-15 14:00:00+00:00,52.64,15.68,
2023-10-15 15:00:00+00:00,42.3,33.32,
2023-10-15 16:00:00+00:00,29.704000000000004,66.64,
2023-10-15 17:00:00+00:00,20.116,96.04,
2023-10-15 18:00:00+00:00,20.68,117.6,
2023-10-15 19:00:00+00:00,17.108,154.84,
2023-10-15 20:00:00+00:00,21.056,168.55999999999997,
2023-10-15 21:00:00+00:00,17.484,156.8,
2023-10-15 22:00:00+00:00,11.092,147.0,
2023-10-15 23:00:00+00:00,9.588,133.28,
2023-10-16 00:00:00+00:00,10.34,107.8,
2023-10-16 01:00:00+00:00,12.219999999999999,94.08,
2023-10-16 02:00:00+00:00,51.51199999999999,39.2,
2023-10-16 03:00:00+00:00,65.236,17.639999999999997,
2023-10-16 04:00:00+00:00,79.524,1.96,
2023-10-16 05:00:00+00:00,73.88399999999999,3.92,
2023-10-16 06:00:00+00:00,76.892,0.0,
2023-10-16 07:00:00+00:00,71.816,1.96,
2023-10-16 08:00:00+00:00,68.99600000000001,1.96,
2023-10-16 09:00:00+00:00,65.236,1.96,
2023-10-16 10:00:00+00:00,65.988,0.0,
2023-10-16 11:00:00+00:00,63.544,0.0,
2023-10-16 12:00:00+00:00,62.60399999999999,0.0,
2023-10-16 13:00:00+00:00,65.988,0.0,
2023-10-16 14:00:00+00:00,68.99600000000001,3.92,
2023-10-16 15:00:00+00:00,73.32,11.76,
2023-10-16 16:00:00+00:00,78.396,23.52,
2023-10-16 17:00:00+00:00,89.86399999999999,39.2,
2023-10-16 18:00:00+00:00,80.464,74.48,
2023-10-16 19:00:00+00:00,59.032,125.44,
2023-10-16 20:00:00+00:00,42.48800000000001,103.88,
2023-10-16 21:00:00+00:00,33.652,119.56,
2023-10-16 22:00:00+00:00,29.892000000000003,131.32000000000002,
2023-10-16 23:00:00+00:00,35.156,158.76,
2023-10-17 00:00:00+00:00,20.68,143.07999999999998,
2023-10-17 01:00:00+00:00,18.048,98.0,
2023-10-17 02:00:00+00:00,34.968,52.92,
2023-10-17 03:00:00+00:00,40.232,41.160000000000004,
2023-10-17 04:00:00+00:00,59.971999999999994,19.6,
2023-10-17 05:00:00+00:00,76.516,0.0,
2023-10-17 06:00:00+00:00,77.26800000000001,0.0,
2023-10-17 07:00:00+00:00,68.432,0.0,
2023-10-17 08:00:00+00:00,68.05600000000001,0.0,
2023-10-17 09:00:00+00:00,60.72399999999999,0.0,
2023-10-17 10:00:00+00:00,54.144,0.0,
2023-10-17 11:00:00+00:00,50.572,0.0,
2023-10-17 12:00:00+00:00,50.008,0.0,
2023-10-17 13:00:00+00:00,53.391999999999996,0.0,
2023-10-17 14:00:00+00:00,61.852,1.96,
2023-10-17 15:00:00+00:00,67.868,7.84,
2023-10-17 16:00:00+00:00,81.028,13.72,
2023-10-17 17:00:00+00:00,76.704,31.36,
2023-10-17 18:00:00+00:00,82.532,52.92,
2023-10-17 19:00:00+00:00,63.356,103.88,
2023-10-17 20:00:00+00:00,43.804,154.84,
2023-10-17 21:00:00+00:00,61.1,115.64,
2023-10-17 22:00:00+00:00,40.984,127.4,
2023-10-17 23:00:00+00:00,32.900000000000006,137.20000000000002,
2023-10-18 00:00:00+00:00,28.576,133.28,
2023-10-18 01:00:00+00:00,28.576,119.56,
2023-10-18 02:00:00+00:00,26.508,98.0,
2023-10-18 03:00:00+00:00,27.824,60.76,
2023-10-18 04:00:00+00:00,48.316,23.52,
2023-10-18 05:00:00+00:00,53.956,9.8,
2023-10-18 06:00:00+00:00,54.896,3.92,
2023-10-18 07:00:00+00:00,57.528000000000006,0.0,
2023-10-18 08:00:00+00:00,57.715999999999994,0.0,
2023-10-18 09:00:00+00:00,55.272,0.0,
2023-10-18 10:00:00+00:00,51.51199999999999,0.0,
2023-10-18 11:00:00+00:00,46.812,0.0,
2023-10-18 12:00:00+00:00,52.828,0.0,
2023-10-18 13:00:00+00:00,50.572,0.0,
2023-10-18 14:00:00+00:00,50.94800000000001,0.0,
2023-10-18 15:00:00+00:00,73.32,9.8,
2023-10-18 16:00:00+00:00,76.704,37.24,
2023-10-18 17:00:00+00:00,97.384,47.04,
2023-10-18 18:00:00+00:00,82.156,92.12,
2023-10-18 19:00:00+00:00,58.844,103.88,
2023-10-18 20:00:00+00:00,28.2,129.36,
2023-10-18 21:00:00+00:00,25.38,127.4,
2023-10-18 22:00:00+00:00,27.824,131.32000000000002,
2023-10-18 23:00:00+00:00,29.892000000000003,123.48,
2023-10-19 00:00:00+00:00,23.688,103.88,
2023-10-19 01:00:00+00:00,25.944000000000003,68.60000000000001,
2023-10-19 02:00:00+00:00,29.14,52.92,
2023-10-19 03:00:00+00:00,23.875999999999998,52.92,
2023-10-19 04:00:00+00:00,25.004,45.08,
2023-10-19 05:00:00+00:00,41.36,19.6,
2023-10-19 06:00:00+00:00,49.068000000000005,5.88,
2023-10-19 07:00:00+00:00,47.564,5.88,
2023-10-19 08:00:00+00:00,51.7,5.88,
2023-10-19 09:00:00+00:00,53.391999999999996,1.96,
2023-10-19 10:00:00+00:00,49.444,0.0,
2023-10-19 11:00:00+00:00,43.052,1.96,
2023-10-19 12:00:00+00:00,53.580000000000005,0.0,
2023-10-19 13:00:00+00:00,65.236,0.0,
2023-10-19 14:00:00+00:00,67.116,1.96,
2023-10-19 15:00:00+00:00,76.516,3.92,
2023-10-19 16:00:00+00:00,63.356,15.68,
2023-10-19 17:00:00+00:00,44.368,43.12,
2023-10-19 18:00:00+00:00,32.336,80.36,
2023-10-19 19:00:00+00:00,32.524,105.84,
2023-10-19 20:00:00+00:00,23.688,129.36,
2023-10-19 21:00:00+00:00,20.492,129.36,
2023-10-19 22:00:00+00:00,19.176,150.92,
2023-10-19 23:00:00+00:00,16.732,164.64000000000001,
2023-10-20 00:00:00+00:00,19.176,145.04,
2023-10-20 01:00:00+00:00,27.448,96.04,
2023-10-20 02:00:00+00:00,30.644000000000005,64.68,
2023-10-20 03:00:00+00:00,36.096,47.04,
2023-10-20 04:00:00+00:00,39.668,45.08,
2023-10-20 05:00:00+00:00,50.76,31.36,
2023-10-20 06:00:00+00:00,67.67999999999999,5.88,
2023-10-20 07:00:00+00:00,63.356,1.96,
2023-10-20 08:00:00+00:00,61.476,0.0,
2023-10-20 09:00:00+00:00,62.792,0.0,
2023-10-20 10:00:00+00:00,62.040000000000006,0.0,
2023-10-20 11:00:00+00:00,62.60399999999999,0.0,
2023-10-20 12:00:00+00:00,70.876,0.0,
2023-10-20 13:00:00+00:00,73.50800000000001,0.0,
2023-10-20 14:00:00+00:00,65.80000000000001,1.96,
2023-10-20 15:00:00+00:00,78.396,3.92,
2023-10-20 16:00:00+00:00,86.104,15.68,
2023-10-20 17:00:00+00:00,79.336,39.2,
2023-10-20 18:00:00+00:00,64.672,74.48,
2023-10-20 19:00:00+00:00,49.444,109.76,
2023-10-20 20:00:00+00:00,47.0,123.48,
2023-10-20 21:00:00+00:00,43.804,115.64,
2023-10-20 22:00:00+00:00,21.808,115.64,
2023-10-20 23:00:00+00:00,19.176,127.4,
2023-10-21 00:00:00+00:00,24.816,88.2,
2023-10-21 01:00:00+00:00,29.892000000000003,70.55999999999999,
2023-10-21 02:00:00+00:00,51.51199999999999,33.32,
2023-10-21 03:00:00+00:00,77.26800000000001,11.76,
2023-10-21 04:00:00+00:00,90.42800000000001,0.0,
2023-10-21 05:00:00+00:00,90.616,0.0,
2023-10-21 06:00:00+00:00,86.48,0.0,
2023-10-21 07:00:00+00:00,71.628,0.0,
2023-10-21 08:00:00+00:00,63.544,0.0,
2023-10-21 09:00:00+00:00,59.032,0.0,
2023-10-21 10:00:00+00:00,58.656,0.0,
2023-10-21 11:00:00+00:00,59.596,0.0,
2023-10-21 12:00:00+00:00,54.708,0.0,
2023-10-21 13:00:00+00:00,52.64,0.0,
2023-10-21 14:00:00+00:00,53.016,1.96,
2023-10-21 15:00:00+00:00,55.083999999999996,9.8,
2023-10-21 16:00:00+00:00,50.76,29.4,
2023-10-21 17:00:00+00:00,59.784000000000006,45.08,
2023-10-21 18:00:00+00:00,57.339999999999996,72.52,
2023-10-21 19:00:00+00:00,40.984,111.72,
2023-10-21 20:00:00+00:00,35.344,103.88,
2023-10-21 21:00:00+00:00,33.276,103.88,
2023-10-21 22:00:00+00:00,8.084,80.36,
2023-10-21 23:00:00+00:00,5.827999999999999,70.55999999999999,
2023-10-22 00:00:00+00:00,11.844,60.76,
2023-10-22 01:00:00+00:00,10.716000000000001,58.8,
2023-10-22 02:00:00+00:00,17.86,49.0,
2023-10-22 03:00:00+00:00,39.856,25.48,
2023-10-22 04:00:00+00:00,31.772,31.36,
2023-10-22 05:00:00+00:00,37.976,25.48,
2023-10-22 06:00:00+00:00,36.096,29.4,
2023-10-22 07:00:00+00:00,31.96,21.56,
2023-10-22 08:00:00+00:00,42.48800000000001,3.92,
2023-10-22 09:00:00+00:00,40.984,3.92,
2023-10-22 10:00:00+00:00,39.104,1.96,
2023-10-22 11:00:00+00:00,40.419999999999995,0.0,
2023-10-22 12:00:00+00:00,36.471999999999994,0.0,
2023-10-22 13:00:00+00:00,33.464,0.0,
2023-10-22 14:00:00+00:00,32.900000000000006,1.96,
2023-10-22 15:00:00+00:00,30.644000000000005,13.72,
2023-10-22 16:00:00+00:00,16.168,49.0,
2023-10-22 17:00:00+00:00,10.152000000000001,60.76,
2023-10-22 18:00:00+00:00,10.152000000000001,70.55999999999999,
2023-10-22 19:00:00+00:00,9.212000000000002,84.27999999999999,
2023-10-22 20:00:00+00:00,6.956,103.88,
2023-10-22 21:00:00+00:00,11.468,88.2,
2023-10-22 22:00:00+00:00,7.896000000000001,72.52,
2023-10-22 23:00:00+00:00,3.008,64.68,
2023-10-23 00:00:00+00:00,2.82,54.88,
2023-10-23 01:00:00+00:00,2.632,54.88,
2023-10-23 02:00:00+00:00,4.324,50.96,
2023-10-23 03:00:00+00:00,5.452,47.04,
2023-10-23 04:00:00+00:00,5.0760000000000005,47.04,
2023-10-23 05:00:00+00:00,5.264,47.04,
2023-10-23 06:00:00+00:00,7.144,45.08,
2023-10-23 07:00:00+00:00,6.768,43.12,
2023-10-23 08:00:00+00:00,9.4,41.160000000000004,
2023-10-23 09:00:00+00:00,8.459999999999999,43.12,
2023-10-23 10:00:00+00:00,17.672,31.36,
2023-10-23 11:00:00+00:00,15.792000000000002,35.279999999999994,
2023-10-23 12:00:00+00:00,19.176,31.36,
2023-10-23 13:00:00+00:00,23.5,31.36,
2023-10-23 14:00:00+00:00,20.492,31.36,
2023-10-23 15:00:00+00:00,14.288,39.2,
2023-10-23 17:00:00+00:00,15.792000000000002,43.12,
2023-10-23 18:00:00+00:00,8.272,54.88,
2023-10-23 19:00:00+00:00,12.972000000000001,60.76,
2023-10-23 20:00:00+00:00,14.1,62.72,
2023-10-23 21:00:00+00:00,16.355999999999998,64.68,
2023-10-23 22:00:00+00:00,20.868000000000002,64.68,
2023-10-23 23:00:00+00:00,20.68,70.55999999999999,
2023-10-24 00:00:00+00:00,17.86,74.48,
2023-10-24 01:00:00+00:00,14.664,72.52,
2023-10-24 02:00:00+00:00,17.672,68.60000000000001,
2023-10-24 03:00:00+00:00,19.740000000000002,70.55999999999999,
2023-10-24 04:00:00+00:00,47.751999999999995,29.4,
2023-10-24 05:00:00+00:00,53.016,19.6,
2023-10-24 06:00:00+00:00,56.4,9.8,
2023-10-24 07:00:00+00:00,54.896,3.92,
2023-10-24 08:00:00+00:00,51.135999999999996,0.0,
2023-10-24 09:00:00+00:00,49.068000000000005,0.0,
2023-10-24 10:00:00+00:00,43.616,0.0,
2023-10-24 11:00:00+00:00,42.48800000000001,0.0,
2023-10-24 12:00:00+00:00,40.796,0.0,
2023-10-24 13:00:00+00:00,38.916,0.0,
2023-10-24 14:00:00+00:00,39.856,3.92,
2023-10-24 15:00:00+00:00,29.892000000000003,13.72,
2023-10-24 16:00:00+00:00,21.808,35.279999999999994,
2023-10-24 17:00:00+00:00,21.62,49.0,
2023-10-24 18:00:00+00:00,27.26,56.84,
2023-10-24 19:00:00+00:00,30.268,64.68,
2023-10-24 20:00:00+00:00,24.064,78.4,
2023-10-24 21:00:00+00:00,21.62,84.27999999999999,
2023-10-24 22:00:00+00:00,16.168,76.44,
2023-10-24 23:00:00+00:00,12.032,76.44,
2023-10-25 00:00:00+00:00,13.912,64.68,
2023-10-25 01:00:00+00:00,11.28,54.88,
2023-10-25 02:00:00+00:00,11.28,50.96,
2023-10-25 03:00:00+00:00,12.408,47.04,
2023-10-25 04:00:00+00:00,12.783999999999999,45.08,
2023-10-25 05:00:00+00:00,14.288,47.04,
2023-10-25 06:00:00+00:00,36.66,17.639999999999997,
2023-10-25 07:00:00+00:00,18.424000000000003,35.279999999999994,
2023-10-25 08:00:00+00:00,17.484,43.12,
2023-10-25 09:00:00+00:00,11.844,54.88,
2023-10-25 10:00:00+00:00,11.468,54.88,
2023-10-25 11:00:00+00:00,11.092,58.8,
2023-10-25 12:00:00+00:00,19.740000000000002,52.92,
2023-10-25 13:00:00+00:00,27.072,47.04,
2023-10-25 14:00:00+00:00,26.508,47.04,
2023-10-25 15:00:00+00:00,23.5,47.04,
2023-10-25 16:00:00+00:00,28.387999999999998,41.160000000000004,
2023-10-25 17:00:00+00:00,29.516,43.12,
2023-10-25 18:00:00+00:00,21.244000000000003,54.88,
2023-10-25 19:00:00+00:00,14.288,66.64,
2023-10-25 20:00:00+00:00,15.415999999999999,68.60000000000001,
2023-10-25 21:00:00+00:00,14.1,72.52,
2023-10-25 22:00:00+00:00,13.912,74.48,
2023-10-25 23:00:00+00:00,15.415999999999999,66.64,
2023-10-26 00:00:00+00:00,20.304000000000002,56.84,
2023-10-26 01:00:00+00:00,12.032,60.76,
2023-10-26 02:00:00+00:00,9.964,64.68,
2023-10-26 03:00:00+00:00,8.648,66.64,
2023-10-26 04:00:00+00:00,8.459999999999999,64.68,
2023-10-26 05:00:00+00:00,11.468,60.76,
2023-10-26 06:00:00+00:00,17.86,50.96,
2023-10-26 07:00:00+00:00,14.476,52.92,
2023-10-26 08:00:00+00:00,7.144,60.76,
2023-10-26 09:00:00+00:00,15.228,52.92,
2023-10-26 10:00:00+00:00,15.792000000000002,43.12,
2023-10-26 11:00:00+00:00,31.020000000000003,25.48,
2023-10-26 12:00:00+00:00,44.18,9.8,
2023-10-26 13:00:00+00:00,52.64,3.92,
2023-10-26 14:00:00+00:00,52.828,3.92,
2023-10-26 15:00:00+00:00,45.12,17.639999999999997,
2023-10-26 16:00:00+00:00,54.52,17.639999999999997,
2023-10-26 17:00:00+00:00,47.376,35.279999999999994,
2023-10-26 18:00:00+00:00,26.508,64.68,
2023-10-26 19:00:00+00:00,15.040000000000001,82.32000000000001,
2023-10-26 20:00:00+00:00,10.716000000000001,88.2,
2023-10-26 21:00:00+00:00,7.896000000000001,88.2,
2023-10-26 22:00:00+00:00,7.896000000000001,86.24,
2023-10-26 23:00:00+00:00,7.332,84.27999999999999,
2023-10-27 00:00:00+00:00,6.768,82.32000000000001,
2023-10-27 01:00:00+00:00,9.024,76.44,
2023-10-27 02:00:00+00:00,11.28,70.55999999999999,
2023-10-27 03:00:00+00:00,12.783999999999999,64.68,
2023-10-27 04:00:00+00:00,35.532000000000004,31.36,
2023-10-27 05:00:00+00:00,44.368,17.639999999999997,
2023-10-27 06:00:00+00:00,50.384,3.92,
2023-10-27 07:00:00+00:00,48.879999999999995,3.92,
2023-10-27 08:00:00+00:00,44.556,1.96,
2023-10-27 09:00:00+00:00,45.495999999999995,0.0,
2023-10-27 10:00:00+00:00,47.376,0.0,
2023-10-27 11:00:00+00:00,42.3,0.0,
2023-10-27 12:00:00+00:00,43.992,0.0,
2023-10-27 13:00:00+00:00,43.428000000000004,0.0,
2023-10-27 14:00:00+00:00,46.06,1.96,
2023-10-27 15:00:00+00:00,50.196,3.92,
2023-10-27 16:00:00+00:00,41.924,15.68,
2023-10-27 17:00:00+00:00,22.372,47.04,
2023-10-27 18:00:00+00:00,22.747999999999998,60.76,
2023-10-27 19:00:00+00:00,15.415999999999999,86.24,
2023-10-27 20:00:00+00:00,19.740000000000002,90.16,
2023-10-27 21:00:00+00:00,20.68,99.96,
2023-10-27 22:00:00+00:00,19.176,98.0,
2023-10-27 23:00:00+00:00,12.596,94.08,
2023-10-28 00:00:00+00:00,12.219999999999999,94.08,
2023-10-28 01:00:00+00:00,12.032,88.2,
2023-10-28 02:00:00+00:00,17.86,72.52,
2023-10-28 03:00:00+00:00,42.48800000000001,37.24,
2023-10-28 04:00:00+00:00,53.956,17.639999999999997,
2023-10-28 05:00:00+00:00,60.536,5.88,
2023-10-28 06:00:00+00:00,54.52,5.88,
2023-10-28 07:00:00+00:00,53.956,1.96,
2023-10-28 08:00:00+00:00,53.016,1.96,
2023-10-28 09:00:00+00:00,47.188,1.96,
2023-10-28 10:00:00+00:00,45.495999999999995,0.0,
2023-10-28 11:00:00+00:00,42.48800000000001,0.0,
2023-10-28 12:00:00+00:00,40.044,0.0,
2023-10-28 13:00:00+00:00,42.675999999999995,0.0,
2023-10-28 14:00:00+00:00,44.368,0.0,
2023-10-28 15:00:00+00:00,46.436,5.88,
2023-10-28 16:00:00+00:00,24.064,49.0,
2023-10-28 17:00:00+00:00,21.244000000000003,66.64,
2023-10-28 18:00:00+00:00,17.296,80.36,
2023-10-28 19:00:00+00:00,21.432000000000002,88.2,
2023-10-28 20:00:00+00:00,18.8,98.0,
2023-10-28 21:00:00+00:00,12.596,99.96,
2023-10-28 22:00:00+00:00,11.468,107.8,
2023-10-28 23:00:00+00:00,15.98,101.92,
2023-10-29 00:00:00+00:00,19.928,80.36,
2023-10-29 01:00:00+00:00,20.868000000000002,64.68,
2023-10-29 02:00:00+00:00,20.304000000000002,52.92,
2023-10-29 03:00:00+00:00,30.456,41.160000000000004,
2023-10-29 04:00:00+00:00,34.028000000000006,33.32,
2023-10-29 06:00:00+00:00,54.708,0.0,
2023-10-29 07:00:00+00:00,51.51199999999999,3.92,
2023-10-29 08:00:00+00:00,47.564,1.96,
2023-10-29 09:00:00+00:00,50.94800000000001,1.96,
2023-10-29 10:00:00+00:00,49.82,0.0,
2023-10-29 11:00:00+00:00,47.376,1.96,
2023-10-29 12:00:00+00:00,35.532000000000004,7.84,
2023-10-29 13:00:00+00:00,38.54,5.88,
2023-10-29 14:00:00+00:00,43.428000000000004,1.96,
2023-10-29 15:00:00+00:00,40.796,9.8,
2023-10-29 16:00:00+00:00,41.924,31.36,
2023-10-29 17:00:00+00:00,22.372,68.60000000000001,
2023-10-29 18:00:00+00:00,24.627999999999997,78.4,
2023-10-29 19:00:00+00:00,16.919999999999998,94.08,
2023-10-29 20:00:00+00:00,12.596,103.88,
2023-10-29 21:00:00+00:00,12.972000000000001,109.76,
2023-10-29 22:00:00+00:00,18.612000000000002,103.88,
2023-10-29 23:00:00+00:00,15.792000000000002,103.88,
2023-10-30 00:00:00+00:00,24.439999999999998,90.16,
2023-10-30 01:00:00+00:00,45.12,60.76,
2023-10-30 02:00:00+00:00,86.104,5.88,
2023-10-30 03:00:00+00:00,83.66,3.92,
2023-10-30 04:00:00+00:00,75.764,1.96,
2023-10-30 06:00:00+00:00,67.67999999999999,1.96,
2023-10-30 07:00:00+00:00,66.176,0.0,
2023-10-30 08:00:00+00:00,62.22800000000001,0.0,
2023-10-30 09:00:00+00:00,60.912,0.0,
2023-10-30 10:00:00+00:00,58.468,1.96,
2023-10-30 11:00:00+00:00,60.536,1.96,
2023-10-30 12:00:00+00:00,57.904,1.96,
2023-10-30 13:00:00+00:00,62.980000000000004,0.0,
2023-10-30 14:00:00+00:00,65.048,1.96,
2023-10-30 15:00:00+00:00,74.63600000000001,1.96,
2023-10-30 16:00:00+00:00,80.652,5.88,
2023-10-30 17:00:00+00:00,65.42399999999999,21.56,
2023-10-30 18:00:00+00:00,40.796,50.96,
2023-10-30 19:00:00+00:00,37.6,62.72,
2023-10-30 20:00:00+00:00,27.824,80.36,
2023-10-30 21:00:00+00:00,25.944000000000003,86.24,
2023-10-30 22:00:00+00:00,20.116,90.16,
2023-10-30 23:00:00+00:00,22.372,90.16,
2023-10-31 00:00:00+00:00,37.6,70.55999999999999,
2023-10-31 01:00:00+00:00,79.148,19.6,
2023-10-31 02:00:00+00:00,93.812,1.96,
2023-10-31 03:00:00+00:00,94.376,0.0,
2023-10-31 04:00:00+00:00,88.92399999999999,1.96,
2023-10-31 05:00:00+00:00,81.78,1.96,
2023-10-31 06:00:00+00:00,72.568,5.88,
2023-10-31 07:00:00+00:00,77.08,0.0,
2023-10-31 08:00:00+00:00,75.012,0.0,
2023-10-31 09:00:00+00:00,70.5,1.96,
2023-10-31 10:00:00+00:00,71.816,0.0,
2023-10-31 11:00:00+00:00,68.244,0.0,
2023-10-31 12:00:00+00:00,70.5,0.0,
2023-10-31 13:00:00+00:00,72.192,0.0,
2023-10-31 14:00:00+00:00,75.952,1.96,
2023-10-31 15:00:00+00:00,78.772,5.88,
2023-10-31 16:00:00+00:00,69.37199999999999,19.6,
2023-10-31 17:00:00+00:00,36.471999999999994,56.84,
2023-10-31 18:00:00+00:00,40.419999999999995,60.76,
2023-10-31 19:00:00+00:00,38.352,72.52,
2023-10-31 20:00:00+00:00,29.892000000000003,90.16,
2023-10-31 21:00:00+00:00,26.32,98.0,
2023-10-31 22:00:00+00:00,15.98,103.88,
2023-10-31 23:00:00+00:00,17.86,98.0,
2023-11-01 00:00:00+00:00,16.732,94.08,
2023-11-01 01:00:00+00:00,37.788,62.72,
2023-11-01 02:00:00+00:00,93.812,5.88,
2023-11-01 03:00:00+00:00,91.932,1.96,
2023-11-01 04:00:00+00:00,81.78,3.92,
2023-11-01 05:00:00+00:00,76.516,1.96,
2023-11-01 06:00:00+00:00,83.096,1.96,
2023-11-01 07:00:00+00:00,78.396,0.0,
2023-11-01 08:00:00+00:00,74.82399999999998,1.96,
2023-11-01 09:00:00+00:00,71.628,1.96,
2023-11-01 10:00:00+00:00,70.876,0.0,
2023-11-01 11:00:00+00:00,72.75600000000001,0.0,
2023-11-01 12:00:00+00:00,72.38,0.0,
2023-11-01 13:00:00+00:00,72.192,0.0,
2023-11-01 14:00:00+00:00,72.192,1.96,
2023-11-01 15:00:00+00:00,76.704,5.88,
2023-11-01 16:00:00+00:00,76.14,13.72,
2023-11-01 17:00:00+00:00,44.556,49.0,
2023-11-01 18:00:00+00:00,36.284,66.64,
2023-11-01 19:00:00+00:00,21.808,90.16,
2023-11-01 20:00:00+00:00,15.228,101.92,
2023-11-01 21:00:00+00:00,17.86,101.92,
2023-11-01 22:00:00+00:00,17.672,103.88,
2023-11-01 23:00:00+00:00,26.32,99.96,
2023-11-02 00:00:00+00:00,22.747999999999998,96.04,
2023-11-02 01:00:00+00:00,24.439999999999998,86.24,
2023-11-02 02:00:00+00:00,31.208000000000002,74.48,
2023-11-02 03:00:00+00:00,80.088,15.68,
2023-11-02 04:00:00+00:00,93.812,1.96,
2023-11-02 05:00:00+00:00,82.532,5.88,
2023-11-02 06:00:00+00:00,69.37199999999999,5.88,
2023-11-02 07:00:00+00:00,82.72,0.0,
2023-11-02 08:00:00+00:00,79.336,0.0,
2023-11-02 09:00:00+00:00,70.124,1.96,
2023-11-02 10:00:00+00:00,63.356,5.88,
2023-11-02 11:00:00+00:00,63.92,3.92,
2023-11-02 12:00:00+00:00,71.816,0.0,
2023-11-02 13:00:00+00:00,77.456,0.0,
2023-11-02 14:00:00+00:00,78.58399999999999,1.96,
2023-11-02 15:00:00+00:00,77.26800000000001,7.84,
2023-11-02 16:00:00+00:00,71.816,19.6,
2023-11-02 17:00:00+00:00,60.912,39.2,
2023-11-02 18:00:00+00:00,38.916,68.60000000000001,
2023-11-02 19:00:00+00:00,26.884,88.2,
2023-11-02 20:00:00+00:00,30.831999999999997,101.92,
2023-11-02 21:00:00+00:00,23.5,115.64,
2023-11-02 22:00:00+00:00,38.916,99.96,
2023-11-02 23:00:00+00:00,25.004,113.68,
2023-11-03 00:00:00+00:00,24.627999999999997,109.76,
2023-11-03 01:00:00+00:00,31.96,96.04,
2023-11-03 02:00:00+00:00,59.971999999999994,60.76,
2023-11-03 03:00:00+00:00,83.096,25.48,
2023-11-03 04:00:00+00:00,102.27199999999999,0.0,
2023-11-03 05:00:00+00:00,96.256,0.0,
2023-11-03 06:00:00+00:00,97.75999999999999,0.0,
2023-11-03 07:00:00+00:00,87.42,1.96,
2023-11-03 08:00:00+00:00,86.29199999999999,0.0,
2023-11-03 09:00:00+00:00,83.096,0.0,
2023-11-03 10:00:00+00:00,81.78,0.0,
2023-11-03 11:00:00+00:00,80.464,0.0,
2023-11-03 12:00:00+00:00,81.968,0.0,
2023-11-03 13:00:00+00:00,85.72800000000001,0.0,
2023-11-03 14:00:00+00:00,85.164,1.96,
2023-11-03 15:00:00+00:00,82.532,7.84,
2023-11-03 16:00:00+00:00,74.82399999999998,25.48,
2023-11-03 17:00:00+00:00,61.663999999999994,50.96,
2023-11-03 18:00:00+00:00,56.588,70.55999999999999,
2023-11-03 19:00:00+00:00,39.104,103.88,
2023-11-03 20:00:00+00:00,47.94,111.72,
2023-11-03 21:00:00+00:00,60.160000000000004,111.72,
2023-11-03 22:00:00+00:00,58.468,113.68,
2023-11-03 23:00:00+00:00,42.3,131.32000000000002,
2023-11-04 00:00:00+00:00,38.164,141.11999999999998,
2023-11-04 01:00:00+00:00,40.796,117.6,
2023-11-04 02:00:00+00:00,84.97600000000001,47.04,
2023-11-04 03:00:00+00:00,86.85600000000001,37.24,
2023-11-04 04:00:00+00:00,107.348,9.8,
2023-11-04 05:00:00+00:00,109.604,1.96,
2023-11-04 06:00:00+00:00,103.96399999999998,1.96,
2023-11-04 07:00:00+00:00,97.572,0.0,
2023-11-04 08:00:00+00:00,92.872,0.0,
2023-11-04 09:00:00+00:00,85.72800000000001,0.0,
2023-11-04 10:00:00+00:00,81.968,0.0,
2023-11-04 11:00:00+00:00,84.788,0.0,
2023-11-04 12:00:00+00:00,83.096,0.0,
2023-11-04 13:00:00+00:00,81.78,0.0,
2023-11-04 14:00:00+00:00,80.088,3.92,
2023-11-04 15:00:00+00:00,72.192,15.68,
2023-11-04 16:00:00+00:00,69.184,31.36,
2023-11-04 17:00:00+00:00,64.672,49.0,
2023-11-04 18:00:00+00:00,64.86,66.64,
2023-11-04 19:00:00+00:00,79.524,84.27999999999999,
2023-11-04 20:00:00+00:00,50.94800000000001,127.4,
2023-11-04 21:00:00+00:00,37.6,137.20000000000002,
2023-11-04 22:00:00+00:00,33.276,147.0,
2023-11-04 23:00:00+00:00,29.516,147.0,
2023-11-05 00:00:00+00:00,25.004,137.20000000000002,
2023-11-05 01:00:00+00:00,25.755999999999997,119.56,
2023-11-05 02:00:00+00:00,50.94800000000001,60.76,
2023-11-05 03:00:00+00:00,47.188,49.0,
2023-11-05 04:00:00+00:00,43.428000000000004,29.4,
2023-11-05 06:00:00+00:00,63.544,13.72,
2023-11-05 07:00:00+00:00,73.69600000000001,5.88,
2023-11-05 08:00:00+00:00,75.2,0.0,
2023-11-05 09:00:00+00:00,76.892,0.0,
2023-11-05 10:00:00+00:00,79.524,1.96,
2023-11-05 11:00:00+00:00,77.26800000000001,1.96,
2023-11-05 12:00:00+00:00,72.00399999999999,1.96,
2023-11-05 13:00:00+00:00,69.37199999999999,0.0,
2023-11-05 14:00:00+00:00,63.92,1.96,
2023-11-05 15:00:00+00:00,62.980000000000004,9.8,
2023-11-05 16:00:00+00:00,51.135999999999996,43.12,
2023-11-05 17:00:00+00:00,39.668,72.52,
2023-11-05 18:00:00+00:00,30.456,123.48,
2023-11-05 19:00:00+00:00,41.172,143.07999999999998,
2023-11-05 20:00:00+00:00,43.616,154.84,
2023-11-05 21:00:00+00:00,40.608000000000004,176.4,
2023-11-05 22:00:00+00:00,36.66,158.76,
2023-11-05 23:00:00+00:00,24.816,166.60000000000002,
2023-11-06 00:00:00+00:00,19.740000000000002,147.0,
2023-11-06 01:00:00+00:00,21.808,127.4,
2023-11-06 02:00:00+00:00,54.708,80.36,
2023-11-06 03:00:00+00:00,65.048,58.8,
2023-11-06 04:00:00+00:00,68.808,39.2,
2023-11-06 05:00:00+00:00,85.53999999999999,11.76,
2023-11-06 06:00:00+00:00,88.172,1.96,
2023-11-06 07:00:00+00:00,77.832,9.8,
2023-11-06 08:00:00+00:00,65.988,3.92,
2023-11-06 09:00:00+00:00,72.75600000000001,1.96,
2023-11-06 10:00:00+00:00,70.312,0.0,
2023-11-06 11:00:00+00:00,69.936,0.0,
2023-11-06 12:00:00+00:00,72.00399999999999,0.0,
2023-11-06 13:00:00+00:00,71.816,0.0,
2023-11-06 14:00:00+00:00,72.38,1.96,
2023-11-06 15:00:00+00:00,74.82399999999998,7.84,
2023-11-06 16:00:00+00:00,69.184,33.32,
2023-11-06 17:00:00+00:00,61.28800000000001,58.8,
2023-11-06 18:00:00+00:00,56.775999999999996,86.24,
2023-11-06 19:00:00+00:00,67.492,90.16,
2023-11-06 20:00:00+00:00,34.404,101.92,
2023-11-06 21:00:00+00:00,31.772,94.08,
2023-11-06 22:00:00+00:00,23.688,88.2,
2023-11-06 23:00:00+00:00,18.8,76.44,
2023-11-07 00:00:00+00:00,16.919999999999998,64.68,
2023-11-07 01:00:00+00:00,14.288,56.84,
2023-11-07 02:00:00+00:00,9.212000000000002,52.92,
2023-11-07 03:00:00+00:00,7.5200000000000005,50.96,
2023-11-07 04:00:00+00:00,7.707999999999999,50.96,
2023-11-07 06:00:00+00:00,19.740000000000002,39.2,
2023-11-07 07:00:00+00:00,12.408,49.0,
2023-11-07 08:00:00+00:00,19.552,39.2,
2023-11-07 09:00:00+00:00,31.584000000000003,25.48,
2023-11-07 10:00:00+00:00,27.26,33.32,
2023-11-07 11:00:00+00:00,43.992,11.76,
2023-11-07 12:00:00+00:00,42.675999999999995,15.68,
2023-11-07 13:00:00+00:00,40.796,13.72,
2023-11-07 14:00:00+00:00,51.135999999999996,9.8,
2023-11-07 15:00:00+00:00,43.428000000000004,17.639999999999997,
2023-11-07 16:00:00+00:00,36.848000000000006,27.44,
2023-11-07 17:00:00+00:00,29.516,41.160000000000004,
2023-11-07 18:00:00+00:00,24.064,50.96,
2023-11-07 19:00:00+00:00,19.364,58.8,
2023-11-07 20:00:00+00:00,18.8,66.64,
2023-11-07 21:00:00+00:00,13.724,76.44,
2023-11-07 22:00:00+00:00,10.904,84.27999999999999,
2023-11-07 23:00:00+00:00,9.024,84.27999999999999,
2023-11-08 00:00:00+00:00,9.212000000000002,70.55999999999999,
2023-11-08 01:00:00+00:00,17.484,60.76,
2023-11-08 02:00:00+00:00,31.396,50.96,
2023-11-08 03:00:00+00:00,10.152000000000001,76.44,
2023-11-08 04:00:00+00:00,9.588,76.44,
2023-11-08 05:00:00+00:00,9.024,74.48,
2023-11-08 06:00:00+00:00,18.988,60.76,
2023-11-08 07:00:00+00:00,33.276,43.12,
2023-11-08 08:00:00+00:00,34.404,25.48,
2023-11-08 09:00:00+00:00,47.188,9.8,
2023-11-08 10:00:00+00:00,42.864000000000004,13.72,
2023-11-08 11:00:00+00:00,52.076,1.96,
2023-11-08 12:00:00+00:00,45.12,3.92,
2023-11-08 13:00:00+00:00,48.692,0.0,
2023-11-08 14:00:00+00:00,50.76,1.96,
2023-11-08 15:00:00+00:00,54.52,3.92,
2023-11-08 16:00:00+00:00,42.675999999999995,25.48,
2023-11-08 17:00:00+00:00,45.495999999999995,37.24,
2023-11-08 18:00:00+00:00,37.788,54.88,
2023-11-08 19:00:00+00:00,25.38,72.52,
2023-11-08 20:00:00+00:00,13.724,84.27999999999999,
2023-11-08 21:00:00+00:00,22.747999999999998,78.4,
2023-11-08 22:00:00+00:00,28.012,70.55999999999999,
2023-11-08 23:00:00+00:00,16.544,72.52,
2023-11-09 00:00:00+00:00,18.8,64.68,
2023-11-09 01:00:00+00:00,31.396,50.96,
2023-11-09 02:00:00+00:00,28.764000000000003,52.92,
2023-11-09 03:00:00+00:00,25.192,56.84,
2023-11-09 04:00:00+00:00,53.016,21.56,
2023-11-09 05:00:00+00:00,64.10799999999999,7.84,
2023-11-09 06:00:00+00:00,69.748,1.96,
2023-11-09 07:00:00+00:00,67.868,0.0,
2023-11-09 08:00:00+00:00,62.60399999999999,1.96,
2023-11-09 09:00:00+00:00,65.988,0.0,
2023-11-09 10:00:00+00:00,59.596,1.96,
2023-11-09 11:00:00+00:00,58.28,0.0,
2023-11-09 12:00:00+00:00,60.72399999999999,0.0,
2023-11-09 13:00:00+00:00,59.032,1.96,
2023-11-09 14:00:00+00:00,65.612,0.0,
2023-11-09 15:00:00+00:00,65.988,3.92,
2023-11-09 16:00:00+00:00,74.26,5.88,
2023-11-09 17:00:00+00:00,66.36399999999999,25.48,
2023-11-09 18:00:00+00:00,57.528000000000006,45.08,
2023-11-09 19:00:00+00:00,21.432000000000002,74.48,
2023-11-09 20:00:00+00:00,12.972000000000001,86.24,
2023-11-09 21:00:00+00:00,19.740000000000002,82.32000000000001,
2023-11-09 22:00:00+00:00,20.116,82.32000000000001,
2023-11-09 23:00:00+00:00,26.32,72.52,
2023-11-10 00:00:00+00:00,30.831999999999997,64.68,
2023-11-10 01:00:00+00:00,69.184,21.56,
2023-11-10 02:00:00+00:00,88.36,0.0,
2023-11-10 03:00:00+00:00,82.908,1.96,
2023-11-10 04:00:00+00:00,79.336,1.96,
2023-11-10 05:00:00+00:00,75.576,1.96,
2023-11-10 06:00:00+00:00,70.688,1.96,
2023-11-10 07:00:00+00:00,69.184,1.96,
2023-11-10 08:00:00+00:00,64.86,0.0,
2023-11-10 09:00:00+00:00,62.792,3.92,
2023-11-10 10:00:00+00:00,67.868,1.96,
2023-11-10 11:00:00+00:00,68.432,0.0,
2023-11-10 12:00:00+00:00,45.872,21.56,
2023-11-10 13:00:00+00:00,65.80000000000001,1.96,
2023-11-10 14:00:00+00:00,73.88399999999999,0.0,
2023-11-10 15:00:00+00:00,69.748,5.88,
2023-11-10 16:00:00+00:00,63.92,17.639999999999997,
2023-11-10 17:00:00+00:00,36.471999999999994,49.0,
2023-11-10 18:00:00+00:00,33.839999999999996,56.84,
2023-11-10 19:00:00+00:00,28.387999999999998,64.68,
2023-11-10 20:00:00+00:00,34.968,66.64,
2023-11-10 21:00:00+00:00,33.652,74.48,
2023-11-10 22:00:00+00:00,53.391999999999996,58.8,
2023-11-10 23:00:00+00:00,53.956,56.84,
2023-11-11 00:00:00+00:00,42.864000000000004,60.76,
2023-11-11 01:00:00+00:00,59.40800000000001,39.2,
2023-11-11 02:00:00+00:00,89.3,7.84,
2023-11-11 03:00:00+00:00,87.608,1.96,
2023-11-11 04:00:00+00:00,83.28399999999999,1.96,
2023-11-11 05:00:00+00:00,80.464,1.96,
2023-11-11 06:00:00+00:00,77.832,1.96,
2023-11-11 07:00:00+00:00,74.44800000000001,0.0,
2023-11-11 08:00:00+00:00,71.628,1.96,
2023-11-11 09:00:00+00:00,72.192,0.0,
2023-11-11 10:00:00+00:00,71.628,3.92,
2023-11-11 11:00:00+00:00,69.184,1.96,
2023-11-11 12:00:00+00:00,67.67999999999999,1.96,
2023-11-11 13:00:00+00:00,68.99600000000001,0.0,
2023-11-11 14:00:00+00:00,68.61999999999999,0.0,
2023-11-11 15:00:00+00:00,67.868,3.92,
2023-11-11 16:00:00+00:00,58.28,21.56,
2023-11-11 17:00:00+00:00,42.48800000000001,43.12,
2023-11-11 18:00:00+00:00,22.936,72.52,
2023-11-11 19:00:00+00:00,15.98,86.24,
2023-11-11 20:00:00+00:00,20.868000000000002,88.2,
2023-11-11 21:00:00+00:00,19.364,98.0,
2023-11-11 22:00:00+00:00,35.344,92.12,
2023-11-11 23:00:00+00:00,21.244000000000003,101.92,
2023-11-12 00:00:00+00:00,25.192,96.04,
2023-11-12 01:00:00+00:00,31.772,80.36,
2023-11-12 02:00:00+00:00,86.668,17.639999999999997,
2023-11-12 03:00:00+00:00,87.984,7.84,
2023-11-12 04:00:00+00:00,86.668,3.92,
2023-11-12 05:00:00+00:00,80.088,5.88,
2023-11-12 06:00:00+00:00,80.088,1.96,
2023-11-12 07:00:00+00:00,77.832,1.96,
2023-11-12 08:00:00+00:00,72.00399999999999,3.92,
2023-11-12 09:00:00+00:00,64.296,9.8,
2023-11-12 10:00:00+00:00,68.432,5.88,
2023-11-12 11:00:00+00:00,63.168000000000006,9.8,
2023-11-12 12:00:00+00:00,66.552,3.92,
2023-11-12 13:00:00+00:00,62.040000000000006,7.84,
2023-11-12 14:00:00+00:00,54.708,15.68,
2023-11-12 15:00:00+00:00,37.035999999999994,39.2,
2023-11-12 16:00:00+00:00,31.772,47.04,
2023-11-12 17:00:00+00:00,22.56,64.68,
2023-11-12 18:00:00+00:00,22.747999999999998,72.52,
2023-11-12 19:00:00+00:00,19.928,86.24,
2023-11-12 20:00:00+00:00,13.16,99.96,
2023-11-12 21:00:00+00:00,7.5200000000000005,107.8,
2023-11-12 22:00:00+00:00,6.956,111.72,
2023-11-12 23:00:00+00:00,17.86,107.8,
2023-11-13 00:00:00+00:00,18.612000000000002,101.92,
2023-11-13 01:00:00+00:00,24.252,92.12,
2023-11-13 02:00:00+00:00,81.78,33.32,
2023-11-13 03:00:00+00:00,77.26800000000001,17.639999999999997,
2023-11-13 04:00:00+00:00,85.164,5.88,
2023-11-13 05:00:00+00:00,75.764,7.84,
2023-11-13 06:00:00+00:00,78.772,1.96,
2023-11-13 07:00:00+00:00,76.14,1.96,
2023-11-13 08:00:00+00:00,70.312,0.0,
2023-11-13 09:00:00+00:00,69.936,0.0,
2023-11-13 10:00:00+00:00,71.44,0.0,
2023-11-13 11:00:00+00:00,68.61999999999999,0.0,
2023-11-13 12:00:00+00:00,71.06400000000001,0.0,
2023-11-13 13:00:00+00:00,69.936,1.96,
2023-11-13 14:00:00+00:00,73.69600000000001,0.0,
2023-11-13 15:00:00+00:00,73.32,3.92,
2023-11-13 16:00:00+00:00,72.568,13.72,
2023-11-13 17:00:00+00:00,39.856,58.8,
2023-11-13 18:00:00+00:00,30.644000000000005,80.36,
2023-11-13 19:00:00+00:00,25.567999999999998,88.2,
2023-11-13 20:00:00+00:00,26.695999999999998,88.2,
2023-11-13 21:00:00+00:00,25.192,96.04,
2023-11-13 22:00:00+00:00,21.62,101.92,
2023-11-13 23:00:00+00:00,38.916,80.36,
2023-11-14 00:00:00+00:00,52.076,66.64,
2023-11-14 01:00:00+00:00,47.751999999999995,66.64,
2023-11-14 02:00:00+00:00,85.53999999999999,25.48,
2023-11-14 03:00:00+00:00,100.768,1.96,
2023-11-14 04:00:00+00:00,100.768,0.0,
2023-11-14 05:00:00+00:00,89.112,0.0,
2023-11-14 06:00:00+00:00,87.796,0.0,
2023-11-14 07:00:00+00:00,87.04399999999998,0.0,
2023-11-14 08:00:00+00:00,81.21600000000001,0.0,
2023-11-14 09:00:00+00:00,77.456,0.0,
2023-11-14 10:00:00+00:00,76.892,0.0,
2023-11-14 11:00:00+00:00,78.772,0.0,
2023-11-14 12:00:00+00:00,76.704,3.92,
2023-11-14 13:00:00+00:00,76.516,1.96,
2023-11-14 14:00:00+00:00,76.14,3.92,
2023-11-14 15:00:00+00:00,72.192,11.76,
2023-11-14 16:00:00+00:00,65.612,25.48,
2023-11-14 17:00:00+00:00,60.348000000000006,37.24,
2023-11-14 18:00:00+00:00,37.41199999999999,66.64,
2023-11-14 19:00:00+00:00,30.644000000000005,80.36,
2023-11-14 20:00:00+00:00,32.711999999999996,84.27999999999999,
2023-11-14 21:00:00+00:00,29.328,94.08,
2023-11-14 22:00:00+00:00,31.396,94.08,
2023-11-14 23:00:00+00:00,25.567999999999998,94.08,
2023-11-15 00:00:00+00:00,34.968,84.27999999999999,
2023-11-15 01:00:00+00:00,52.64,60.76,
2023-11-15 02:00:00+00:00,84.036,19.6,
2023-11-15 03:00:00+00:00,96.82,1.96,
2023-11-15 04:00:00+00:00,93.06,0.0,
2023-11-15 05:00:00+00:00,90.616,0.0,
2023-11-15 06:00:00+00:00,84.6,0.0,
2023-11-15 07:00:00+00:00,86.48,0.0,
2023-11-15 08:00:00+00:00,84.97600000000001,0.0,
2023-11-15 09:00:00+00:00,84.036,0.0,
2023-11-15 10:00:00+00:00,83.66,0.0,
2023-11-15 11:00:00+00:00,81.968,0.0,
2023-11-15 12:00:00+00:00,78.96000000000001,0.0,
2023-11-15 13:00:00+00:00,80.27600000000001,0.0,
2023-11-15 14:00:00+00:00,81.21600000000001,0.0,
2023-11-15 15:00:00+00:00,80.464,3.92,
2023-11-15 16:00:00+00:00,73.50800000000001,15.68,
2023-11-15 17:00:00+00:00,73.32,25.48,
2023-11-15 18:00:00+00:00,78.208,21.56,
2023-11-15 19:00:00+00:00,71.06400000000001,27.44,
2023-11-15 20:00:00+00:00,23.5,72.52,
2023-11-15 21:00:00+00:00,21.056,66.64,
2023-11-15 22:00:00+00:00,30.080000000000002,52.92,
2023-11-15 23:00:00+00:00,49.82,33.32,
2023-11-16 00:00:00+00:00,50.572,27.44,
2023-11-16 01:00:00+00:00,60.912,21.56,
2023-11-16 02:00:00+00:00,40.044,35.279999999999994,
2023-11-16 03:00:00+00:00,21.244000000000003,50.96,
2023-11-16 04:00:00+00:00,22.56,52.92,
2023-11-16 05:00:00+00:00,20.304000000000002,52.92,
2023-11-16 06:00:00+00:00,16.355999999999998,60.76,
2023-11-16 07:00:00+00:00,20.868000000000002,47.04,
2023-11-16 08:00:00+00:00,23.124,33.32,
2023-11-16 09:00:00+00:00,21.432000000000002,33.32,
2023-11-16 10:00:00+00:00,29.516,21.56,
2023-11-16 11:00:00+00:00,21.056,23.52,
2023-11-16 12:00:00+00:00,31.208000000000002,15.68,
2023-11-16 13:00:00+00:00,32.524,9.8,
2023-11-16 14:00:00+00:00,34.404,11.76,
2023-11-16 15:00:00+00:00,37.788,11.76,
2023-11-16 16:00:00+00:00,29.14,19.6,
2023-11-16 17:00:00+00:00,22.747999999999998,39.2,
2023-11-16 18:00:00+00:00,18.988,56.84,
2023-11-16 19:00:00+00:00,15.228,64.68,
2023-11-16 20:00:00+00:00,13.912,66.64,
2023-11-16 21:00:00+00:00,8.648,72.52,
2023-11-16 22:00:00+00:00,9.588,74.48,
2023-11-16 23:00:00+00:00,16.168,68.60000000000001,
2023-11-17 00:00:00+00:00,23.875999999999998,64.68,
2023-11-17 01:00:00+00:00,15.040000000000001,62.72,
2023-11-17 02:00:00+00:00,21.808,47.04,
2023-11-17 03:00:00+00:00,29.704000000000004,33.32,
2023-11-17 04:00:00+00:00,45.495999999999995,7.84,
2023-11-17 05:00:00+00:00,51.888000000000005,0.0,
2023-11-17 06:00:00+00:00,42.864000000000004,0.0,
2023-11-17 07:00:00+00:00,34.968,0.0,