date,no2_ug_m3,o3_ug_m3
2017-06-07,21.996000000000002,86.24
2017-06-08,16.919999999999998,68.208
2017-06-09,24.816,44.492000000000004
2017-06-10,17.3336,43.903999999999996
2017-06-11,10.8664,61.544
2017-06-12,23.875999999999998,47.236
2017-06-13,31.208000000000002,53.312
2017-06-14,44.18,59.976
2017-06-15,45.12,57.232
2017-06-16,43.428,64.092
2017-06-17,29.14,77.812
2017-06-18,33.276,56.644
2017-06-19,33.464,48.216
2017-06-20,32.336,52.92
2017-06-21,30.644,47.432
2017-06-22,23.875999999999998,40.572
2017-06-23,23.311999999999998,50.96
2017-06-24,18.8,66.052
2017-06-25,30.080000000000002,61.151999999999994
2017-06-26,46.436,44.688
2017-06-27,37.976,54.488
2017-06-28,29.892000000000003,52.92
2017-06-29,23.875999999999998,68.404
2017-06-30,24.439999999999998,68.60000000000001
2017-07-01,21.62,76.244
2017-07-02,13.536,80.94800000000001
2017-07-03,28.2,71.53999999999999
2017-07-04,28.012,62.132
2017-07-05,34.216,55.86
2017-07-06,39.668,59.388
2017-07-07,58.844,70.364
2017-07-08,42.488,77.42
2017-07-09,20.868000000000002,71.34400000000001
2017-07-10,31.584,52.528
2017-07-11,23.5,44.688
2017-07-12,21.62,47.236
2017-07-13,23.875999999999998,45.864000000000004
2017-07-14,27.636,46.06
2017-07-15,31.772,52.92
2017-07-16,21.62,66.052
2017-07-17,26.508,47.04
2017-07-18,28.576,51.352000000000004
2017-07-19,28.764,58.016000000000005
2017-07-20,36.66,39.2
2017-08-10,18.386400000000002,90.55199999999999
2017-08-11,24.064,60.172000000000004
2017-08-12,25.756,74.676
2017-08-13,14.4948,84.476
2017-08-14,18.612000000000002,75.264
2017-08-15,20.492,47.236
2017-08-16,19.176000000000002,56.644
2017-08-17,28.012,51.744
2017-08-18,24.252,49.588
2017-08-19,13.9684,66.64
2017-08-20,13.028400000000001,70.16799999999999
2017-08-21,10.9604,65.072
2017-08-22,24.816,47.628
2017-08-23,18.5744,53.9
2017-08-24,20.116,66.24799999999999
2017-08-25,28.388,70.364
2017-08-26,24.439999999999998,81.928
2017-08-27,23.5,66.64
2017-08-28,49.632,49.98
2017-08-29,57.339999999999996,63.112
2017-08-30,59.032,71.932
2017-08-31,62.792,61.74
2017-09-01,53.392,72.324
2017-09-02,65.048,37.828
2017-09-03,23.875999999999998,60.76
2017-09-04,14.532399999999999,61.151999999999994
2017-09-05,17.86,52.92
2017-09-06,39.856,40.18
2017-09-07,38.728,45.864000000000004
2017-09-08,29.516,51.744
2017-09-09,20.116,77.22399999999999
2017-09-10,35.344,59.78
2017-09-11,43.052,56.448
2017-09-12,18.33,61.93600000000001
2017-09-13,19.740000000000002,58.016000000000005
2017-09-14,23.311999999999998,47.04
2017-09-15,32.336,43.316
2017-09-16,23.875999999999998,57.82
2017-09-17,14.250399999999999,78.988
2017-09-18,19.552,70.756
2017-09-19,20.304000000000002,87.612
2017-09-20,13.16,76.44
2017-09-21,23.5,49.98
2017-09-22,31.020000000000003,38.808
2017-09-23,23.875999999999998,74.48
2017-09-24,33.652,64.68
2017-09-25,36.66,71.34400000000001
2017-09-26,58.28,51.94
2017-09-27,69.56,33.712
2017-09-28,58.28,72.324
2017-09-29,57.152,63.895999999999994
2017-09-30,30.644,72.324
2017-10-01,11.28,79.968
2017-10-02,29.14,65.66000000000001
2017-10-03,30.644,49.98
2017-10-04,48.879999999999995,41.160000000000004
2017-10-05,47.188,75.656
2017-10-06,78.772,61.151999999999994
2017-10-07,56.964,77.22399999999999
2017-10-08,40.984,46.06
2017-10-09,27.26,84.868
2017-10-10,41.924,61.74
2017-10-11,39.291999999999994,43.512
2017-10-12,25.38,68.992
2017-10-13,50.76,45.864000000000004
2017-10-14,50.572,57.623999999999995
2017-10-15,58.092,75.264
2017-10-16,71.628,48.216
2017-10-17,73.32,46.648
2017-10-18,53.392,70.95200000000001
2017-10-19,52.828,50.763999999999996
2017-10-20,33.276,49.588
2017-10-21,46.812,40.18
2017-10-22,48.879999999999995,39.788
2017-10-23,71.816,36.064
2017-10-24,66.74,26.656
2017-10-25,51.135999999999996,60.564
2017-10-26,71.44,50.96
2017-10-27,50.76,63.30800000000001
2017-10-28,40.044,69.58
2017-10-29,22.936,79.968
2017-10-30,22.936,73.304
2017-10-31,20.304000000000002,66.64
2017-11-01,28.012,52.724000000000004
2017-11-02,21.244,59.388
2017-11-03,21.996000000000002,58.8
2017-11-04,23.875999999999998,35.672000000000004
2017-11-05,9.4,70.55999999999999
2017-11-06,33.839999999999996,45.08
2017-11-07,43.24,54.88
2017-11-08,33.839999999999996,30.184
2017-11-09,31.396,16.9932
2017-11-10,28.764,48.02
2017-11-11,42.676,47.04
2017-11-12,43.24,25.872
2017-11-13,57.716,31.36
2017-11-14,72.38,40.18
2017-11-15,83.66,39.592
2017-11-16,67.304,22.148
2017-11-17,36.472,27.44
2017-11-19,68.99600000000001,12.406799999999999
2017-11-20,79.9,45.08
2017-11-21,72.944,37.632
2017-11-22,68.244,26.852
2017-11-23,35.72,70.55999999999999
2017-11-24,97.75999999999999,1.96
2017-11-25,66.176,31.36
2017-11-26,46.623999999999995,32.34
2017-11-28,60.160000000000004,35.279999999999994
2017-11-29,54.52,45.08
2017-11-30,73.32,16.66
2017-12-01,61.476,31.947999999999997
2017-12-02,60.160000000000004,26.852
2017-12-03,39.104,46.256
2017-12-04,59.22,33.32
2017-12-05,68.244,29.4
2017-12-06,62.040000000000006,80.36
2017-12-07,91.556,4.9
2017-12-08,63.544,32.144000000000005
2017-12-09,59.784000000000006,30.575999999999997
2017-12-10,60.724000000000004,18.2868
2017-12-11,75.2,3.92
2017-12-12,84.03599999999999,5.2332
2017-12-13,72.004,24.892
2017-12-14,79.9,15.68
2017-12-15,59.784000000000006,42.532000000000004
2017-12-16,59.032,27.636
2017-12-17,50.007999999999996,22.735999999999997
2017-12-18,64.296,11.76
2017-12-19,66.74,3.92
2017-12-20,7.5200000000000005,76.44
2017-12-21,13.16,71.148
2017-12-22,86.48,3.92
2017-12-23,69.93599999999999,10.975999999999999
2017-12-24,55.459999999999994,20.580000000000002
2017-12-25,99.64,3.92
2017-12-27,92.12,28.028
2017-12-28,74.44800000000001,34.104
2017-12-29,84.6,3.92
2017-12-30,56.4,25.48
2017-12-31,50.007999999999996,27.832
2018-01-01,58.467999999999996,38.808
2018-01-02,76.892,17.4048
2018-01-03,83.096,4.214
2018-01-04,76.892,23.128
2018-01-05,53.392,13.6024
2018-01-06,42.676,10.290000000000001
2018-01-07,30.456,6.86
2018-01-09,11.28,35.279999999999994
2018-01-10,49.82,2.94
2018-01-11,59.596,13.0732
2018-01-12,78.396,6.86
2018-01-13,45.684,43.316
2018-01-14,64.296,24.5
2018-01-15,64.86,49.0
2018-01-16,62.040000000000006,1.96
2018-01-17,69.56,17.3068
2018-01-18,53.580000000000005,13.72
2018-01-19,35.72,28.42
2018-01-20,13.4796,64.092
2018-01-21,42.676,24.5
2018-01-22,47.94,30.38
2018-01-23,76.70400000000001,4.9
2018-01-24,63.92,19.6
2018-01-25,18.8,66.64
2018-01-26,48.879999999999995,38.22
2018-01-27,65.80000000000001,3.92
2018-01-28,31.96,64.68
2018-01-29,25.38,60.76
2018-01-30,62.980000000000004,2.94
2018-01-31,77.644,13.72
2018-02-01,75.2,1.96
2018-02-03,73.32,3.92
2018-02-04,60.536,59.584
2018-02-05,52.64,72.52
2018-02-06,45.12,76.44
2018-02-07,71.44,1.96
2018-02-08,58.28,54.88
2018-02-09,65.80000000000001,1.96
2018-02-10,13.16,79.968
2018-02-11,43.24,1.96
2018-02-13,39.104,44.492000000000004
2018-02-14,50.572,33.712
2018-02-15,57.152,29.204
2018-02-16,48.692,43.708
2018-02-17,46.248,44.688
2018-02-18,27.072,58.995999999999995
2018-02-19,8.3848,77.42
2018-02-20,27.824,58.408
2018-02-21,34.967999999999996,53.9
2018-02-22,21.62,68.79599999999999
2018-02-23,12.2764,74.48
2018-02-24,38.352000000000004,45.275999999999996
2018-02-25,39.480000000000004,39.2
2018-02-27,21.996000000000002,55.272
2018-03-01,17.86,69.58
2018-03-02,25.38,43.12
2018-03-03,13.7804,66.052
2018-03-04,20.868000000000002,62.523999999999994
2018-03-05,46.06,40.964
2018-03-06,64.86,0.0
2018-03-07,71.44,15.68
2018-03-08,63.544,45.864000000000004
2018-03-09,46.06,24.892
2018-03-10,20.116,35.083999999999996
2018-03-11,20.492,38.416
2018-03-12,26.508,29.988
2018-03-13,25.003999999999998,28.811999999999998
2018-03-14,11.092,63.895999999999994
2018-03-15,18.33,67.032
2018-03-16,23.875999999999998,50.568
2018-03-17,10.34,68.60000000000001
2018-03-18,24.439999999999998,50.96
2018-03-19,40.796,55.467999999999996
2018-03-20,48.316,41.748
2018-03-21,45.495999999999995,29.4
2018-03-22,34.028000000000006,23.324
2018-03-23,17.39,52.724000000000004
2018-03-24,15.416000000000002,66.836
2018-03-25,13.874400000000001,70.756
2018-03-26,15.867199999999999,75.656
2018-03-27,43.992000000000004,54.88
2018-03-28,46.06,51.94
2018-03-29,47.751999999999995,48.412
2018-03-30,56.964,26.852
2018-03-31,35.156000000000006,58.995999999999995
2018-04-01,24.064,64.87599999999999
2018-04-02,16.6568,83.104
2018-04-03,19.740000000000002,72.91199999999999
2018-04-04,31.584,47.236
2018-04-05,35.908,46.06
2018-04-06,33.088,50.763999999999996
2018-04-07,24.252,36.455999999999996
2018-04-08,24.816,52.724000000000004
2018-04-09,57.904,48.803999999999995
2018-04-10,45.12,99.372
2018-04-11,43.804,51.94
2018-04-12,15.510000000000002,86.436
2018-04-13,34.592,74.48
2018-04-14,28.2,98.0
2018-04-15,29.892000000000003,77.812
2018-04-16,21.996000000000002,67.424
2018-04-17,16.544,79.576
2018-04-18,14.288,81.144
2018-04-19,19.740000000000002,64.68
2018-04-20,33.464,40.768
2018-04-21,45.12,56.252
2018-04-22,39.480000000000004,52.92
2018-04-23,38.728,62.523999999999994
2018-04-24,46.06,54.88
2018-04-25,21.62,84.868
2018-04-26,22.56,73.696
2018-04-27,23.688,69.384
2018-04-28,28.2,54.684000000000005
2018-04-29,15.3784,73.696
2018-04-30,17.578000000000003,74.48
2018-05-01,24.064,73.5
2018-05-02,23.875999999999998,64.28800000000001
2018-05-03,39.480000000000004,42.728
2018-05-04,48.316,54.88
2018-05-05,57.528,32.536
2018-05-06,33.464,65.856
2018-05-07,34.216,70.756
2018-05-08,37.6,65.072
2018-05-09,30.644,59.584
2018-05-10,29.704000000000004,59.976
2018-05-11,19.552,61.544
2018-05-12,15.867199999999999,71.34400000000001
2018-05-13,6.8996,78.204
2018-05-14,24.816,50.568
2018-05-15,28.388,45.275999999999996
2018-05-16,28.388,50.176
2018-05-17,23.688,58.016000000000005
2018-05-18,15.040000000000001,63.7
2018-05-19,21.808,57.623999999999995
2018-05-20,10.7912,73.304
2018-05-21,21.432000000000002,55.467999999999996
2018-05-22,22.372,54.096
2018-05-23,16.450000000000003,59.976
2018-05-24,17.145599999999998,60.564
2018-05-25,12.896799999999999,60.368
2018-05-26,15.397199999999998,56.84
2018-05-27,14.250399999999999,62.132
2018-05-28,11.5808,72.128
2018-05-29,22.184,60.955999999999996
2018-05-30,19.740000000000002,49.588
2018-05-31,20.304000000000002,55.272
2018-06-01,29.892000000000003,47.824000000000005
2018-06-02,30.080000000000002,60.76
2018-06-03,22.936,57.036
2018-06-04,28.576,60.76
2018-06-05,21.056,63.895999999999994
2018-06-06,18.2548,71.34400000000001
2018-06-07,27.824,62.328
2018-06-08,43.804,53.312
2018-06-09,31.020000000000003,56.84
2018-06-10,18.123199999999997,68.404
2018-06-11,31.96,67.424
2018-06-12,31.584,60.955999999999996
2018-06-13,38.163999999999994,49.784
2018-06-14,32.900000000000006,63.112
2018-06-15,30.456,53.704
2018-06-16,11.28,64.87599999999999
2018-06-17,6.58,63.30800000000001
2018-06-18,10.9604,61.544
2018-06-19,17.4276,60.172000000000004
2018-06-20,31.020000000000003,61.74
2018-06-21,25.192,75.85199999999999
2018-06-22,26.696,70.16799999999999
2018-06-23,14.0624,69.188
2018-06-24,10.2648,65.66000000000001
2018-06-25,16.4876,58.408
2018-06-26,17.483999999999998,63.7
2018-06-27,28.388,63.504
2018-06-28,25.944,54.488
2018-06-29,17.39,66.836
2018-06-30,12.7276,64.092
2018-07-01,12.7088,63.30800000000001
2018-07-02,11.9944,61.151999999999994
2018-07-03,15.5288,58.212
2018-07-04,10.528,69.384
2018-07-05,28.952,57.036
2018-07-06,51.888,60.172000000000004
2018-07-07,34.967999999999996,86.24
2018-07-08,26.884,77.812
2018-07-09,38.728,34.104
2018-07-10,24.628,40.964
2018-07-11,28.2,43.903999999999996
2018-07-12,18.988,45.668
2018-07-13,13.874400000000001,51.156000000000006
2018-07-14,14.626399999999999,47.628
2018-07-15,15.397199999999998,53.704
2018-07-16,21.62,49.98
2018-07-17,9.7196,55.272
2018-07-18,21.996000000000002,50.96
2018-07-19,26.32,44.492000000000004
2018-07-20,13.9496,46.452
2018-07-21,9.080400000000001,47.04
2018-07-22,18.2924,41.356
2018-07-23,36.66,49.98
2018-07-24,38.352000000000004,56.252
2018-07-25,28.2,61.151999999999994
2018-07-26,27.072,50.763999999999996
2018-07-27,29.328,65.072
2018-07-28,20.116,63.7
2018-07-29,20.116,66.24799999999999
2018-07-30,22.936,48.803999999999995
2018-07-31,24.252,47.628
2018-08-01,21.62,43.512
2018-08-02,23.124,41.552
2018-08-03,33.839999999999996,40.572
2018-08-04,27.072,47.236
2018-08-05,25.756,58.212
2018-08-06,39.291999999999994,61.93600000000001
2018-08-07,46.623999999999995,57.428
2018-08-08,27.448,57.036
2018-08-09,32.900000000000006,49.0
2018-08-10,41.36,42.336000000000006
2018-08-11,22.56,41.356
2018-08-12,11.373999999999999,47.628
2018-08-13,23.124,35.672000000000004
2018-08-14,18.386400000000002,42.336000000000006
2018-08-15,20.868000000000002,49.196000000000005
2018-08-16,13.16,62.328
2018-08-17,21.808,54.096
2018-08-18,18.142,59.192
2018-08-19,14.3256,71.148
2018-08-20,19.176000000000002,62.328
2018-08-21,18.8,51.744
2018-08-22,17.296,65.856
2018-08-23,23.5,68.404
2018-08-24,22.56,66.444
2018-08-25,21.996000000000002,75.46
2018-08-26,10.622,87.024
2018-08-27,17.2396,74.872
2018-08-28,23.875999999999998,51.94
2018-08-29,32.524,44.884
2018-09-06,14.532399999999999,69.188
2018-09-07,26.696,63.112
2018-09-08,28.952,74.48
2018-09-09,39.291999999999994,40.376
2018-09-10,24.628,66.444
2018-09-11,26.32,65.268
2018-09-12,23.311999999999998,73.108
2018-09-13,41.736000000000004,53.508
2018-09-14,59.596,46.648
2018-09-15,34.216,39.984
2018-09-16,31.020000000000003,57.82
2018-09-17,44.368,42.532000000000004
2018-09-18,43.804,48.608
2018-09-19,41.36,49.0
2018-09-20,42.864000000000004,41.160000000000004
2018-09-21,27.824,54.488
2018-09-22,21.62,67.62
2018-09-23,20.304000000000002,66.052
2018-09-24,25.756,49.588
2018-09-25,20.304000000000002,51.94
2018-09-26,28.764,54.291999999999994
2018-09-27,39.480000000000004,49.196000000000005
2018-09-28,38.163999999999994,56.252
2018-09-29,16.1304,73.696
2018-09-30,25.756,50.568
2018-10-01,32.524,38.22
2018-10-02,34.216,30.184
2018-10-03,20.68,29.792
2018-10-04,15.8484,29.008000000000003
2018-10-05,27.824,35.083999999999996
2018-10-06,24.064,46.256
2018-10-07,16.1116,60.368
2018-10-08,23.311999999999998,56.84
2018-10-09,17.3524,57.82
2018-10-10,21.62,49.588
2018-10-11,34.216,28.42
2018-10-12,30.456,46.452
2018-10-13,14.6452,49.588
2018-11-21,41.924,45.471999999999994
2018-11-22,17.991600000000002,41.748
2018-11-23,33.276,26.852
2018-11-24,37.6,23.716
2018-11-25,31.020000000000003,32.536
2018-11-26,52.076,26.852
2018-11-27,55.083999999999996,22.932000000000002
2018-11-28,41.172,30.184
2018-11-29,28.576,40.768
2018-11-30,27.824,36.26
2018-12-01,28.764,33.516
2018-12-02,13.5172,62.916
2018-12-03,48.879999999999995,25.872
2018-12-04,57.528,19.3256
2018-12-05,41.924,27.244
2018-12-06,31.020000000000003,33.712
2018-12-07,41.172,19.2668
2018-12-08,39.104,26.46
2018-12-09,38.352000000000004,21.364
2018-12-10,53.016,9.0748
2018-12-11,55.836,12.74
2018-12-12,47.751999999999995,20.188
2018-12-13,53.016,8.819999999999999
2018-12-15,35.72,49.0
2018-12-16,40.608000000000004,32.732
2018-12-17,28.576,32.144000000000005
2018-12-18,35.908,17.9732
2018-12-19,54.52,13.1516
2018-12-20,59.784000000000006,14.0532
2018-12-21,68.61999999999999,8.486799999999999
2018-12-22,58.092,12.8184
2018-12-23,50.572,19.992
2018-12-24,42.3,27.636
2018-12-25,6.9748,62.72
2018-12-26,40.419999999999995,25.872
2018-12-27,33.839999999999996,33.712
2018-12-28,31.396,45.864000000000004
2018-12-29,51.7,19.796
2018-12-30,48.879999999999995,20.776
2018-12-31,39.291999999999994,30.968000000000004
2019-01-01,43.24,26.46
2019-01-02,49.444,22.148
2019-01-03,57.904,18.2868
2019-01-04,66.74,11.2308
2019-01-05,49.256,22.932000000000002
2019-01-06,19.364,45.275999999999996
2019-01-07,31.96,32.144000000000005
2019-01-08,45.872,16.0132
2019-01-09,50.948,16.6208
2019-01-10,40.796,17.8164
2019-01-11,45.308,11.858
2019-01-12,22.936,49.784
2019-01-13,52.452000000000005,12.328399999999998
2019-01-14,27.26,40.964
2019-01-15,28.012,39.2
2019-01-16,26.131999999999998,38.808
2019-01-17,24.816,35.083999999999996
2019-01-18,35.908,14.21
2019-01-19,35.156000000000006,23.912000000000003
2019-01-20,29.704000000000004,22.932000000000002
2019-01-21,9.080400000000001,65.268
2019-01-22,43.616,34.104
2019-01-23,52.828,19.11
2019-01-24,58.844,17.4636
2019-01-25,62.980000000000004,10.1332
2019-01-26,57.528,23.324
2019-01-27,47.564,29.988
2019-01-28,78.02000000000001,11.8384
2019-01-29,68.61999999999999,19.5216
2019-01-30,45.872,23.52
2019-01-31,40.232,16.8952
2019-02-01,36.472,26.067999999999998
2019-02-02,18.988,51.352000000000004
2019-02-03,18.048,50.763999999999996
2019-02-04,25.944,51.744
2019-02-05,22.184,52.332
2019-02-06,16.5064,60.955999999999996
2019-02-07,48.316,27.44
2019-02-08,48.128,30.575999999999997
2019-02-09,27.824,42.924
2019-02-10,15.5852,53.116
2019-02-11,30.832000000000004,51.94
2019-02-12,83.28399999999999,3.6456000000000004
2019-02-13,45.872,32.34
2019-02-14,24.439999999999998,39.984
2019-02-15,27.824,38.611999999999995
2019-02-16,11.937999999999999,61.74
2019-02-17,11.0168,59.78
2019-02-18,18.724800000000002,56.448
2019-02-19,37.6,37.632
2019-02-20,37.976,33.32
2019-02-21,34.216,33.712
2019-02-22,49.256,24.304
2019-02-23,36.66,43.903999999999996
2019-02-24,38.163999999999994,42.728
2019-02-25,52.64,29.008000000000003
2019-02-26,50.948,32.34
2019-02-27,32.711999999999996,41.160000000000004
2019-02-28,27.072,31.36
2019-03-01,28.576,33.32
2019-03-02,21.432000000000002,35.868
2019-03-03,9.212,58.016000000000005
2019-03-04,23.311999999999998,44.688
2019-03-05,45.872,24.892
2019-03-06,31.020000000000003,35.476000000000006
2019-03-07,21.056,54.291999999999994
2019-03-08,19.176000000000002,58.408
2019-03-09,23.124,46.06
2019-03-10,22.56,45.275999999999996
2019-03-11,36.284,34.692
2019-03-12,34.592,45.08
2019-03-13,24.439999999999998,64.484
2019-03-14,47.564,50.372
2019-03-15,53.956,37.24
2019-03-16,52.64,39.788
2019-03-17,33.839999999999996,56.448
2019-03-18,46.623999999999995,56.448
2019-03-19,38.54,44.688
2019-03-20,22.56,60.564
2019-03-21,34.028000000000006,41.160000000000004
2019-03-22,28.764,46.452
2019-03-23,24.439999999999998,41.160000000000004
2019-03-24,20.68,52.724000000000004
2019-03-25,37.412,48.02
2019-03-26,43.24,42.13999999999999
2019-03-27,27.072,38.024
2019-03-28,23.688,40.376
2019-03-29,37.412,39.004000000000005
2019-03-30,35.72,59.584
2019-03-31,32.148,71.736
2019-04-01,45.872,52.724000000000004
2019-04-02,27.448,56.448
2019-04-03,16.6944,47.628
2019-04-04,38.916,16.7776
2019-04-05,12.5772,54.488
2019-04-06,19.552,43.708
2019-04-07,26.131999999999998,50.568
2019-04-08,48.316,42.728
2019-04-09,27.448,49.588
2019-04-10,7.2004,86.632
2019-04-11,44.744,45.471999999999994
2019-04-12,26.696,55.664
2019-04-13,30.456,46.648
2019-04-14,29.328,56.448
2019-04-15,27.448,52.528
2019-04-16,18.988,60.564
2019-04-17,33.276,43.12
2019-04-18,42.112,57.428
2019-04-19,29.516,55.86
2019-04-20,12.2952,73.108
2019-04-21,11.5996,71.148
2019-04-22,32.711999999999996,44.492000000000004
2019-04-23,37.224000000000004,42.728
2019-04-24,34.967999999999996,48.02
2019-04-25,32.900000000000006,46.256
2019-04-26,27.26,49.784
2019-04-27,17.991600000000002,64.484
2019-04-28,16.055200000000003,65.66000000000001
2019-04-29,15.904800000000002,54.488
2019-04-30,12.896799999999999,60.76
2019-05-01,19.740000000000002,59.192
2019-05-02,29.704000000000004,42.13999999999999
2019-05-03,26.32,59.78
2019-05-04,15.5852,77.028
2019-05-05,11.0732,79.184
2019-05-06,13.3668,58.212
2019-05-07,18.8,51.744
2019-05-08,18.3676,50.96
2019-05-09,26.131999999999998,43.12
2019-05-10,31.396,32.536
2019-05-11,21.996000000000002,44.1
2019-05-12,16.7132,55.86
2019-05-13,12.032,76.048
2019-05-14,20.68,70.95200000000001
2019-05-15,20.68,52.135999999999996
2019-05-16,19.364,49.196000000000005
2019-05-17,22.936,46.256
2019-05-18,21.244,59.584
2019-05-19,8.0652,75.46
2019-05-20,12.2952,73.108
2019-05-21,17.483999999999998,62.132
2019-05-22,24.064,52.332
2019-05-23,29.328,36.848
2019-05-24,24.628,39.788
2019-05-25,20.868000000000002,47.628
2019-05-26,9.5504,66.24799999999999
2019-05-27,13.9496,55.664
2019-05-28,27.448,39.2
2019-05-29,33.839999999999996,42.13999999999999
2019-05-30,28.388,51.156000000000006
2019-05-31,25.756,62.132
2019-06-01,14.8144,68.404
2019-06-02,11.186,67.62
2019-06-03,18.6308,62.132
2019-06-04,23.875999999999998,60.368
2019-06-05,29.704000000000004,56.84
2019-06-06,21.996000000000002,68.404
2019-06-07,20.492,62.523999999999994
2019-06-08,19.928,70.55999999999999
2019-06-09,22.184,69.97200000000001
2019-06-10,37.976,58.995999999999995
2019-06-11,44.368,61.348000000000006
2019-06-12,16.2996,66.24799999999999
2019-06-13,22.184,60.76
2019-06-14,18.8,59.78
2019-06-15,14.344399999999998,68.404
2019-06-16,13.0096,68.79599999999999
2019-06-17,23.5,53.508
2019-06-18,13.16,60.76
2019-06-19,9.4,64.68
2019-06-20,23.688,58.408
2019-06-21,17.6344,46.452
2019-06-22,10.34,61.93600000000001
2019-06-23,8.836,68.992
2019-06-24,20.304000000000002,58.408
2019-06-25,22.56,54.291999999999994
2019-06-26,20.304000000000002,56.644
2019-06-27,21.056,65.66000000000001
2019-06-28,24.628,63.7
2019-06-29,29.14,55.272
2019-06-30,26.131999999999998,57.82
2019-07-01,33.464,48.216
2019-07-02,25.567999999999998,63.504
2019-07-03,21.244,59.78
2019-07-04,10.7348,65.072
2019-07-05,22.184,50.568
2019-07-06,16.3748,74.676
2019-07-07,10.716000000000001,74.088
2019-07-08,16.6756,65.66000000000001
2019-07-09,17.4652,69.188
2019-07-10,21.808,57.232
2019-07-11,39.856,43.512
2019-07-12,25.756,43.708
2019-07-13,31.772,59.584
2019-07-14,16.3748,67.032
2019-07-15,35.72,50.763999999999996
2019-07-16,46.623999999999995,47.432
2019-07-17,22.56,53.312
2019-07-18,20.304000000000002,49.392
2019-07-19,18.0104,46.452
2019-07-20,14.2316,55.86
2019-07-21,11.5056,50.96
2019-07-22,27.26,52.332
2019-07-23,31.396,55.664
2019-07-24,36.284,51.744
2019-07-25,42.676,46.648
2019-07-26,38.728,50.176
2019-07-27,34.404,54.488
2019-07-28,22.56,50.96
2019-07-29,29.516,50.176
2019-07-30,23.311999999999998,59.78
2019-07-31,17.2772,51.744
2019-08-01,29.516,50.568
2019-08-02,36.848,47.04
2019-08-03,35.908,50.96
2019-08-04,25.756,57.428
2019-08-05,25.567999999999998,64.87599999999999
2019-08-06,29.328,53.116
2019-08-07,25.567999999999998,55.467999999999996
2019-08-08,27.448,54.488
2019-08-09,36.284,55.86
2019-08-10,36.096,45.864000000000004
2019-08-11,15.3596,46.648
2019-08-12,32.900000000000006,28.028
2019-08-13,18.386400000000002,66.836
2019-08-14,27.824,59.584
2019-08-15,29.704000000000004,56.84
2019-08-16,27.448,50.372
2019-08-17,15.040000000000001,59.78
2019-08-18,11.9756,58.8
2019-08-19,25.944,52.332
2019-08-20,37.976,37.632
2019-08-21,48.128,49.784
2019-08-22,36.284,43.12
2019-08-23,23.5,49.196000000000005
2019-08-24,27.636,60.172000000000004
2019-08-25,25.003999999999998,55.86
2019-08-26,38.916,44.688
2019-08-27,34.028000000000006,46.256
2019-08-28,24.064,49.196000000000005
2019-08-29,29.516,52.135999999999996
2019-08-30,42.3,48.02
2019-08-31,33.839999999999996,55.076
2019-09-01,31.020000000000003,59.388
2019-09-02,21.808,70.95200000000001
2019-09-03,33.839999999999996,43.12
2019-09-04,40.044,46.06
2019-09-05,38.163999999999994,44.296
2019-09-06,36.284,48.608
2019-09-07,33.464,44.688
2019-09-08,22.936,42.13999999999999
2019-09-09,31.396,40.18
2019-09-10,11.9004,62.132
2019-09-11,28.2,53.9
2019-09-12,39.668,43.12
2019-09-13,45.12,50.96
2019-09-14,42.112,64.87599999999999
2019-09-15,37.6,48.02
2019-09-16,32.900000000000006,47.824000000000005
2019-09-17,34.404,42.924
2019-09-18,35.156000000000006,38.611999999999995
2019-09-19,32.148,25.088
2019-09-20,21.996000000000002,61.348000000000006
2019-09-21,35.344,56.84
2019-09-22,37.412,67.816
2019-09-23,34.404,49.196000000000005
2019-09-24,44.18,36.064
2019-09-25,33.464,51.156000000000006
2019-09-26,19.176000000000002,50.96
2019-09-27,13.16,52.92
2019-09-28,20.68,41.943999999999996
2019-09-29,15.98,56.644
2019-09-30,34.592,36.26
2019-10-01,34.216,45.864000000000004
2019-10-02,43.24,54.88
2019-10-03,50.196000000000005,53.508
2019-10-04,48.316,32.732
2019-10-05,47.564,64.68
2019-10-06,46.436,83.88799999999999
2019-10-07,51.324000000000005,62.916
2019-10-08,49.82,42.728
2019-10-09,26.32,68.60000000000001
2019-10-10,72.944,24.304
2019-10-11,56.587999999999994,42.13999999999999
2019-10-12,47.751999999999995,62.72
2019-10-13,43.616,52.724000000000004
2019-10-14,33.464,51.744
2019-10-15,48.879999999999995,45.275999999999996
2019-10-16,62.604000000000006,41.552
2019-10-17,40.044,53.9
2019-10-18,38.163999999999994,42.924
2019-10-19,44.368,39.984
2019-10-20,42.676,42.532000000000004
2019-10-21,49.256,46.256
2019-10-22,63.544,37.24
2019-10-23,77.832,39.004000000000005
2019-10-24,79.712,33.123999999999995
2019-10-25,70.31200000000001,25.872
2019-10-26,53.392,45.864000000000004
2019-10-27,17.578000000000003,60.368
2019-10-28,49.82,39.788
2019-10-29,52.263999999999996,33.32
2019-10-30,44.368,37.632
2019-10-31,55.836,32.144000000000005
2019-11-01,58.092,31.164
2019-11-02,65.42399999999999,31.36
2019-11-03,56.211999999999996,49.98
2019-11-04,63.732,53.704
2019-11-05,64.86,39.2
2019-11-06,58.844,30.968000000000004
2019-11-07,56.211999999999996,37.828
2019-11-08,67.67999999999999,35.476000000000006
2019-11-09,72.192,13.994399999999999
2019-11-10,40.419999999999995,42.13999999999999
2019-11-11,33.464,56.84
2019-11-12,48.692,38.416
2019-11-13,45.308,22.54
2019-11-14,44.18,28.616
2019-11-15,45.872,16.307199999999998
2019-11-16,55.648,32.536
2019-11-17,53.204,32.144000000000005
2019-11-18,63.168,35.476000000000006
2019-11-19,62.792,28.028
2019-11-20,22.747999999999998,52.528
2019-11-21,35.344,34.104
2019-11-22,46.436,22.932000000000002
2019-11-23,52.076,28.616
2019-11-24,46.06,32.34
2019-11-25,49.444,30.968000000000004
2019-11-26,43.992000000000004,33.712
2019-11-27,43.24,29.792
2019-11-28,11.825199999999999,59.584
2019-11-29,30.644,29.596
2019-11-30,28.952,26.852
2019-12-01,28.764,30.184
2019-12-02,55.272,18.7376
2019-12-03,68.61999999999999,4.1748
2019-12-04,46.436,13.622
2019-12-05,38.728,18.5808
2019-12-06,54.896,7.9184
2019-12-07,28.576,24.696
2019-12-08,23.688,32.34
2019-12-09,65.048,2.2344
2019-12-10,49.82,10.9368
2019-12-11,51.7,14.4648
2019-12-12,71.628,7.4284
2019-12-13,63.92,10.0548
2019-12-14,43.052,13.465200000000001
2019-12-15,20.868000000000002,51.352000000000004
2019-12-16,55.836,21.364
2019-12-17,53.016,26.067999999999998
2019-12-18,65.988,13.2104
2019-12-19,70.688,11.172
2019-12-20,59.032,19.345200000000002
2019-12-21,65.42399999999999,3.528
2019-12-22,37.6,38.024
2019-12-23,22.372,43.708
2019-12-24,31.208000000000002,24.892
2019-12-25,15.510000000000002,44.688
2019-12-26,27.072,41.943999999999996
2019-12-27,49.632,14.7392
2019-12-28,41.36,20.580000000000002
2019-12-29,39.668,21.951999999999998
2019-12-30,47.376,21.168000000000003
2019-12-31,57.339999999999996,15.9152
2020-01-01,40.044,29.792
2020-01-02,49.632,17.4048
2020-01-03,65.988,11.113199999999999
2020-01-04,59.596,16.9932
2020-01-05,48.879999999999995,21.56
2020-01-06,59.784000000000006,24.108
2020-01-07,50.384,25.284
2020-01-08,55.083999999999996,10.6428
2020-01-09,46.06,19.2668
2020-01-10,51.7,14.0532
2020-01-11,43.804,18.13
2020-01-12,34.967999999999996,29.204
2020-01-13,43.616,26.852
2020-01-14,49.256,21.168000000000003
2020-01-15,54.52,20.384
2020-01-16,42.488,30.38
2020-01-17,44.744,22.932000000000002
2020-01-18,46.623999999999995,23.128
2020-01-19,53.204,19.5216
2020-01-20,56.4,17.3068
2020-01-21,36.096,29.4
2020-01-22,44.368,19.2668
2020-01-23,53.392,12.74
2020-01-24,62.980000000000004,11.6816
2020-01-25,58.28,14.8568
2020-01-26,34.028000000000006,35.868
2020-01-27,51.512,18.6984
2020-01-28,61.476,13.132
2020-01-29,52.828,27.244
2020-01-30,59.40800000000001,16.758
2020-01-31,60.724000000000004,17.9732
2020-02-01,58.28,8.819999999999999
2020-02-02,41.36,29.204
2020-02-03,16.412399999999998,59.388
2020-02-04,67.492,11.76
2020-02-05,56.4,20.188
2020-02-06,50.196000000000005,26.852
2020-02-07,53.956,31.556
2020-02-08,47.751999999999995,32.732
2020-02-09,25.38,47.432
2020-02-10,48.879999999999995,28.224
2020-02-11,48.692,30.772
2020-02-12,50.196000000000005,27.44
2020-02-13,42.488,34.496
2020-02-14,52.263999999999996,29.988
2020-02-15,45.684,34.300000000000004
2020-02-16,40.044,39.788
2020-02-17,50.196000000000005,34.496
2020-02-18,40.044,40.376
2020-02-19,33.464,46.256
2020-02-20,54.896,31.947999999999997
2020-02-21,47.188,43.708
2020-02-22,13.9684,57.428
2020-02-23,21.62,40.768
2020-02-24,36.66,27.44
2020-02-25,50.76,28.028
2020-02-26,54.52,24.892
2020-02-27,59.22,22.54
2020-02-28,49.444,29.4
2020-02-29,30.832000000000004,42.924
2020-03-01,11.9944,64.68
2020-03-02,21.808,46.452
2020-03-03,43.804,35.279999999999994
2020-03-04,36.284,29.596
2020-03-05,36.472,35.279999999999994
2020-03-06,34.592,34.496
2020-03-07,13.987200000000001,55.076
2020-03-08,17.540399999999998,40.18
2020-03-09,27.824,32.144000000000005
2020-03-10,19.740000000000002,31.36
2020-03-11,20.492,32.732
2020-03-12,37.224000000000004,9.113999999999999
2020-03-13,31.020000000000003,27.44
2020-03-14,27.072,36.26
2020-03-15,12.2952,55.076
2020-03-16,23.875999999999998,37.828
2020-03-17,27.824,38.024
2020-03-18,27.448,36.848
2020-03-19,23.875999999999998,40.572
2020-03-20,17.7096,49.98
2020-03-21,14.1752,49.784
2020-03-22,15.810800000000002,39.004000000000005
2020-03-23,7.6328000000000005,63.30800000000001
2020-03-24,17.86,40.18
2020-03-25,11.28,57.232
2020-03-26,15.641599999999999,52.332
2020-03-27,21.808,45.668
2020-03-28,12.896799999999999,59.388
2020-03-29,15.1904,48.803999999999995
2020-03-30,18.988,44.688
2020-03-31,34.592,32.928
2020-04-01,31.020000000000003,48.02
2020-04-02,13.0848,56.448
2020-04-03,23.5,49.588
2020-04-04,14.8896,56.448
2020-04-05,6.9748,52.528
2020-04-06,12.4268,49.392
2020-04-07,15.98,52.332
2020-04-08,18.2548,52.332
2020-04-09,14.7204,51.744
2020-04-10,18.8,46.06
2020-04-11,17.4652,43.708
2020-04-12,10.9604,51.548
2020-04-13,14.250399999999999,46.06
2020-04-14,25.192,34.300000000000004
2020-04-15,30.080000000000002,52.135999999999996
2020-04-16,23.688,50.568
2020-04-17,15.434800000000001,47.04
2020-04-18,8.6104,57.232
2020-04-19,5.0948,62.523999999999994
2020-04-20,15.604000000000001,48.02
2020-04-21,19.364,49.196000000000005
2020-04-22,23.5,50.96
2020-04-23,39.856,42.924
2020-04-24,31.96,18.62
2020-04-25,19.176000000000002,124.656
2020-04-26,31.396,49.0
2020-04-27,25.192,70.55999999999999
2020-04-28,33.464,38.22
2020-04-29,27.636,55.86
2020-04-30,20.116,49.784
2020-05-01,19.740000000000002,61.544
2020-05-02,18.8,51.744
2020-05-03,10.9416,50.176
2020-05-04,26.696,57.82
2020-05-05,35.532000000000004,57.623999999999995
2020-05-06,43.052,63.504
2020-05-07,21.62,86.24
2020-05-08,36.66,48.803999999999995
2020-05-09,16.919999999999998,72.71600000000001
2020-05-10,9.494,73.5
2020-05-11,9.4,70.756
2020-05-12,20.68,36.26
2020-05-13,15.98,54.488
2020-05-14,23.124,24.696
2020-05-15,18.424,46.452
